国家,中国
指标名称,中国:现货价(平均价):玉米
频率,日
单位,元/吨
指标ID,S5005793
时间区间,2009-01-04:2024-04-15
来源,汇易网
更新时间,'2024-04-15
2009-01-04,1488.0
2009-01-05,1491.0
2009-01-06,1491.0
2009-01-07,1496.0
2009-01-08,1503.0
2009-01-09,1504.0
2009-01-12,1505.0
2009-01-13,1505.0
2009-01-14,1505.0
2009-01-15,1505.0
2009-01-16,1507.0
2009-01-19,1505.0
2009-01-20,1507.0
2009-01-21,1507.0
2009-01-22,1507.0
2009-01-23,1507.0
2009-02-01,1506.0
2009-02-02,1506.0
2009-02-03,1507.0
2009-02-04,1507.0
2009-02-05,1508.0
2009-02-06,1510.0
2009-02-09,1510.0
2009-02-10,1513.0
2009-02-11,1514.0
2009-02-12,1515.0
2009-02-13,1521.0
2009-02-16,1525.0
2009-02-17,1527.0
2009-02-18,1529.0
2009-02-19,1532.0
2009-02-20,1536.0
2009-02-23,1542.0
2009-02-24,1544.0
2009-02-25,1550.0
2009-02-26,1557.0
2009-02-27,1563.0
2009-03-02,1574.0
2009-03-03,1578.0
2009-03-04,1584.0
2009-03-05,1584.0
2009-03-06,1588.0
2009-03-09,1588.0
2009-03-10,1590.0
2009-03-11,1592.0
2009-03-12,1597.0
2009-03-13,1598.0
2009-03-16,1603.0
2009-03-17,1606.0
2009-03-18,1606.0
2009-03-19,1609.0
2009-03-20,1621.0
2009-03-23,1628.0
2009-03-24,1631.0
2009-03-25,1631.0
2009-03-26,1634.0
2009-03-27,1637.0
2009-03-30,1638.0
2009-03-31,1639.0
2009-04-01,1642.0
2009-04-02,1642.0
2009-04-03,1650.0
2009-04-07,1650.0
2009-04-08,1650.0
2009-04-09,1652.0
2009-04-10,1653.0
2009-04-13,1653.0
2009-04-14,1653.0
2009-04-15,1653.0
2009-04-16,1656.0
2009-04-17,1661.0
2009-04-20,1660.0
2009-04-21,1663.0
2009-04-22,1663.0
2009-04-23,1664.0
2009-04-24,1664.0
2009-04-27,1665.0
2009-04-28,1664.0
2009-04-29,1663.0
2009-04-30,1664.0
2009-05-04,1667.0
2009-05-05,1668.0
2009-05-06,1669.0
2009-05-07,1668.0
2009-05-08,1667.0
2009-05-11,1668.0
2009-05-12,1669.0
2009-05-13,1669.0
2009-05-14,1669.0
2009-05-15,1669.0
2009-05-18,1666.0
2009-05-19,1666.0
2009-05-20,1666.0
2009-05-21,1665.0
2009-05-22,1667.0
2009-05-25,1666.0
2009-05-26,1667.0
2009-05-27,1667.0
2009-05-31,1667.0
2009-06-01,1668.0
2009-06-02,1668.0
2009-06-03,1668.0
2009-06-04,1668.0
2009-06-05,1672.0
2009-06-08,1674.0
2009-06-09,1675.0
2009-06-10,1677.0
2009-06-11,1679.0
2009-06-12,1682.0
2009-06-15,1682.0
2009-06-16,1685.0
2009-06-17,1685.0
2009-06-18,1686.0
2009-06-19,1689.0
2009-06-22,1695.0
2009-06-23,1696.0
2009-06-24,1698.0
2009-06-25,1698.0
2009-06-26,1700.0
2009-06-29,1704.0
2009-06-30,1706.0
2009-07-01,1709.0
2009-07-02,1709.0
2009-07-03,1719.0
2009-07-06,1721.0
2009-07-07,1726.0
2009-07-08,1730.0
2009-07-09,1735.0
2009-07-10,1741.0
2009-07-13,1744.0
2009-07-14,1745.0
2009-07-15,1746.0
2009-07-16,1754.0
2009-07-17,1760.0
2009-07-20,1765.0
2009-07-21,1766.0
2009-07-22,1768.0
2009-07-23,1770.0
2009-07-24,1772.0
2009-07-27,1775.0
2009-07-28,1775.0
2009-07-29,1777.0
2009-07-30,1777.0
2009-07-31,1778.0
2009-08-03,1781.0
2009-08-04,1783.0
2009-08-05,1784.0
2009-08-06,1785.0
2009-08-07,1786.0
2009-08-10,1787.0
2009-08-11,1787.0
2009-08-12,1787.0
2009-08-13,1787.0
2009-08-14,1790.0
2009-08-17,1790.0
2009-08-18,1790.0
2009-08-19,1790.0
2009-08-20,1790.0
2009-08-21,1790.0
2009-08-24,1796.0
2009-08-25,1797.0
2009-08-26,1802.0
2009-08-27,1805.0
2009-08-28,1808.0
2009-08-31,1812.0
2009-09-01,1812.0
2009-09-02,1813.0
2009-09-03,1813.0
2009-09-04,1817.0
2009-09-07,1823.0
2009-09-08,1823.0
2009-09-09,1823.0
2009-09-10,1825.0
2009-09-11,1825.0
2009-09-14,1830.0
2009-09-15,1830.0
2009-09-16,1835.0
2009-09-17,1838.0
2009-09-18,1840.0
2009-09-21,1840.0
2009-09-22,1840.0
2009-09-23,1839.0
2009-09-24,1837.0
2009-09-25,1837.0
2009-09-27,1845.0
2009-09-28,1844.0
2009-09-29,1843.0
2009-09-30,1843.0
2009-10-09,1825.0
2009-10-10,1822.0
2009-10-12,1807.0
2009-10-13,1798.0
2009-10-14,1793.0
2009-10-15,1784.0
2009-10-16,1781.0
2009-10-19,1785.0
2009-10-20,1785.0
2009-10-21,1786.0
2009-10-22,1785.0
2009-10-23,1785.0
2009-10-26,1782.0
2009-10-27,1781.0
2009-10-28,1781.0
2009-10-29,1781.0
2009-10-30,1781.0
2009-11-02,1784.0
2009-11-03,1786.0
2009-11-04,1788.0
2009-11-05,1788.0
2009-11-06,1785.0
2009-11-09,1790.0
2009-11-10,1790.0
2009-11-11,1790.0
2009-11-12,1795.0
2009-11-13,1799.0
2009-11-16,1802.0
2009-11-17,1809.0
2009-11-18,1819.0
2009-11-19,1835.0
2009-11-20,1849.0
2009-11-23,1858.0
2009-11-24,1866.0
2009-11-25,1870.0
2009-11-26,1862.0
2009-11-27,1870.0
2009-11-30,1867.0
2009-12-01,1867.0
2009-12-02,1864.0
2009-12-03,1867.0
2009-12-04,1873.0
2009-12-07,1878.0
2009-12-08,1878.0
2009-12-09,1878.0
2009-12-10,1881.0
2009-12-11,1885.0
2009-12-14,1884.0
2009-12-15,1885.0
2009-12-16,1885.0
2009-12-17,1885.0
2009-12-18,1882.0
2009-12-21,1882.0
2009-12-22,1882.0
2009-12-23,1882.0
2009-12-24,1878.0
2009-12-25,1880.0
2009-12-28,1885.0
2009-12-29,1885.0
2009-12-30,1884.0
2009-12-31,1884.0
2010-01-04,1877.0
2010-01-05,1878.0
2010-01-06,1880.0
2010-01-07,1878.0
2010-01-08,1881.0
2010-01-11,1886.0
2010-01-12,1886.0
2010-01-13,1884.0
2010-01-14,1884.0
2010-01-15,1886.0
2010-01-18,1886.0
2010-01-19,1885.0
2010-01-20,1884.0
2010-01-21,1881.0
2010-01-22,1881.0
2010-01-25,1881.0
2010-01-26,1883.0
2010-01-27,1880.0
2010-01-28,1881.0
2010-01-29,1881.0
2010-02-01,1878.0
2010-02-02,1877.0
2010-02-03,1874.0
2010-02-04,1874.0
2010-02-05,1873.0
2010-02-08,1873.0
2010-02-09,1875.0
2010-02-10,1875.0
2010-02-11,1875.0
2010-02-12,1875.0
2010-02-20,1875.0
2010-02-21,1876.0
2010-02-22,1874.0
2010-02-23,1874.0
2010-02-24,1873.0
2010-02-25,1873.0
2010-02-26,1873.0
2010-03-01,1873.0
2010-03-02,1873.0
2010-03-03,1873.0
2010-03-04,1873.0
2010-03-05,1873.0
2010-03-08,1875.0
2010-03-09,1875.0
2010-03-10,1877.0
2010-03-11,1880.0
2010-03-12,1886.0
2010-03-15,1889.0
2010-03-16,1889.0
2010-03-17,1893.0
2010-03-18,1895.0
2010-03-19,1896.0
2010-03-22,1901.0
2010-03-23,1904.0
2010-03-24,1906.0
2010-03-25,1906.0
2010-03-26,1909.0
2010-03-29,1919.0
2010-03-30,1921.0
2010-03-31,1927.0
2010-04-01,1933.0
2010-04-02,1948.0
2010-04-06,1950.0
2010-04-07,1952.0
2010-04-09,1956.0
2010-04-12,1956.0
2010-04-13,1956.0
2010-04-14,1960.0
2010-04-15,1962.0
2010-04-16,1965.0
2010-04-19,1969.0
2010-04-20,1970.0
2010-04-21,1971.0
2010-04-22,1973.0
2010-04-23,1975.0
2010-04-26,1977.0
2010-04-27,1978.0
2010-04-28,1978.0
2010-04-29,1980.0
2010-05-05,1980.0
2010-05-06,1986.0
2010-05-07,1993.0
2010-05-10,1999.0
2010-05-11,2003.0
2010-05-12,2008.0
2010-05-13,2012.0
2010-05-14,2015.0
2010-05-17,2020.0
2010-05-18,2021.0
2010-05-19,2025.0
2010-05-20,2027.0
2010-05-21,2036.0
2010-05-24,2041.0
2010-05-25,2045.0
2010-05-26,2052.0
2010-05-27,2053.0
2010-05-28,2055.0
2010-05-31,2057.0
2010-06-01,2056.0
2010-06-02,2056.0
2010-06-03,2056.0
2010-06-04,2055.0
2010-06-07,2050.0
2010-06-08,2050.0
2010-06-09,2048.0
2010-06-10,2048.0
2010-06-11,2048.0
2010-06-12,2045.0
2010-06-13,2045.0
2010-06-17,2043.0
2010-06-18,2043.0
2010-06-21,2039.0
2010-06-22,2039.0
2010-06-23,2033.0
2010-06-24,2033.0
2010-06-25,2026.0
2010-06-28,2024.0
2010-06-29,2024.0
2010-06-30,2022.0
2010-07-01,2023.0
2010-07-02,2024.0
2010-07-05,2021.0
2010-07-06,2021.0
2010-07-07,2022.0
2010-07-08,2022.0
2010-07-09,2023.0
2010-07-12,2024.0
2010-07-13,2024.0
2010-07-14,2024.0
2010-07-15,2024.0
2010-07-16,2021.0
2010-07-19,2022.0
2010-07-20,2022.0
2010-07-21,2026.0
2010-07-22,2024.0
2010-07-23,2028.0
2010-07-26,2032.0
2010-07-27,2032.0
2010-07-28,2033.0
2010-07-29,2033.0
2010-07-30,2035.0
2010-08-02,2036.0
2010-08-03,2036.0
2010-08-04,2038.0
2010-08-05,2039.0
2010-08-06,2042.0
2010-08-09,2043.0
2010-08-10,2044.0
2010-08-11,2047.0
2010-08-12,2048.0
2010-08-13,2051.0
2010-08-16,2053.0
2010-08-17,2055.0
2010-08-18,2056.0
2010-08-19,2056.0
2010-08-20,2060.0
2010-08-23,2061.0
2010-08-24,2063.0
2010-08-25,2064.0
2010-08-26,2062.0
2010-08-27,2065.0
2010-08-30,2065.0
2010-08-31,2066.0
2010-09-01,2065.0
2010-09-02,2066.0
2010-09-03,2066.0
2010-09-06,2064.0
2010-09-07,2064.0
2010-09-08,2062.0
2010-09-09,2062.0
2010-09-10,2062.0
2010-09-13,2062.0
2010-09-14,2062.0
2010-09-15,2060.0
2010-09-16,2060.0
2010-09-17,2059.0
2010-09-19,2060.0
2010-09-20,2060.0
2010-09-21,2060.0
2010-09-25,2056.0
2010-09-26,2056.0
2010-09-27,2048.0
2010-09-28,2045.0
2010-09-29,2045.0
2010-10-08,2042.0
2010-10-09,2043.0
2010-10-11,2037.0
2010-10-12,2032.0
2010-10-13,2033.0
2010-10-14,2031.0
2010-10-15,2024.0
2010-10-18,2025.0
2010-10-19,2025.0
2010-10-20,2025.0
2010-10-21,2030.0
2010-10-22,2037.0
2010-10-25,2045.0
2010-10-26,2048.0
2010-10-27,2050.0
2010-10-28,2046.0
2010-10-29,2043.0
2010-11-01,2048.0
2010-11-02,2050.0
2010-11-03,2055.0
2010-11-04,2055.0
2010-11-05,2067.0
2010-11-08,2078.0
2010-11-09,2082.0
2010-11-10,2095.0
2010-11-11,2099.0
2010-11-12,2106.0
2010-11-15,2112.0
2010-11-16,2115.0
2010-11-17,2121.0
2010-11-18,2122.0
2010-11-19,2131.0
2010-11-22,2130.0
2010-11-23,2128.0
2010-11-24,2129.0
2010-11-25,2129.0
2010-11-26,2130.0
2010-11-29,2126.0
2010-11-30,2127.0
2010-12-01,2126.0
2010-12-02,2126.0
2010-12-03,2120.0
2010-12-06,2119.0
2010-12-07,2117.0
2010-12-08,2116.0
2010-12-09,2114.0
2010-12-10,2111.0
2010-12-13,2110.0
2010-12-14,2111.0
2010-12-15,2112.0
2010-12-16,2112.0
2010-12-17,2113.0
2010-12-20,2114.0
2010-12-21,2115.0
2010-12-22,2115.0
2010-12-23,2115.0
2010-12-24,2115.0
2010-12-27,2115.0
2010-12-28,2115.0
2010-12-29,2115.0
2010-12-30,2117.0
2010-12-31,2116.0
2011-01-04,2116.0
2011-01-05,2116.0
2011-01-06,2116.0
2011-01-07,2116.0
2011-01-10,2115.0
2011-01-11,2115.0
2011-01-12,2118.0
2011-01-13,2118.0
2011-01-14,2119.0
2011-01-17,2119.0
2011-01-18,2118.0
2011-01-19,2115.0
2011-01-20,2115.0
2011-01-21,2118.0
2011-01-24,2119.0
2011-01-25,2118.0
2011-01-26,2119.0
2011-01-27,2119.0
2011-01-28,2121.0
2011-01-30,2120.0
2011-01-31,2120.0
2011-02-01,2120.0
2011-02-09,2122.0
2011-02-10,2124.0
2011-02-11,2125.0
2011-02-12,2128.0
2011-02-14,2132.0
2011-02-15,2132.0
2011-02-16,2134.0
2011-02-17,2134.0
2011-02-18,2144.0
2011-02-21,2151.0
2011-02-22,2157.0
2011-02-23,2162.0
2011-02-24,2165.0
2011-02-25,2164.0
2011-02-28,2167.0
2011-03-01,2168.0
2011-03-02,2170.0
2011-03-03,2172.0
2011-03-04,2172.0
2011-03-07,2180.0
2011-03-08,2182.0
2011-03-09,2184.0
2011-03-10,2186.0
2011-03-11,2189.0
2011-03-14,2194.0
2011-03-15,2194.0
2011-03-16,2193.0
2011-03-17,2195.0
2011-03-18,2198.0
2011-03-21,2200.0
2011-03-22,2198.0
2011-03-23,2199.0
2011-03-24,2200.0
2011-03-25,2201.0
2011-03-28,2205.0
2011-03-29,2206.0
2011-03-30,2206.0
2011-03-31,2205.0
2011-04-01,2207.0
2011-04-02,2206.0
2011-04-06,2206.0
2011-04-07,2205.0
2011-04-08,2206.0
2011-04-11,2207.0
2011-04-12,2207.0
2011-04-13,2208.0
2011-04-14,2209.0
2011-04-15,2210.0
2011-04-18,2210.0
2011-04-19,2210.0
2011-04-20,2210.0
2011-04-21,2210.0
2011-04-22,2211.0
2011-04-25,2211.0
2011-04-26,2211.0
2011-04-27,2215.0
2011-04-28,2219.0
2011-04-29,2221.0
2011-05-03,2228.0
2011-05-06,2240.0
2011-05-09,2249.0
2011-05-10,2251.0
2011-05-11,2257.0
2011-05-12,2261.0
2011-05-13,2266.0
2011-05-16,2274.0
2011-05-17,2277.0
2011-05-18,2280.0
2011-05-19,2283.0
2011-05-20,2285.0
2011-05-23,2291.0
2011-05-24,2300.0
2011-05-26,2305.0
2011-05-27,2306.0
2011-05-30,2309.0
2011-05-31,2313.0
2011-06-01,2314.0
2011-06-02,2314.0
2011-06-03,2314.0
2011-06-07,2316.0
2011-06-08,2321.0
2011-06-09,2322.0
2011-06-10,2322.0
2011-06-13,2334.0
2011-06-14,2340.0
2011-06-15,2344.0
2011-06-16,2345.0
2011-06-17,2346.0
2011-06-20,2349.0
2011-06-21,2353.0
2011-06-22,2355.0
2011-06-23,2358.0
2011-06-24,2357.0
2011-06-27,2357.0
2011-06-28,2357.0
2011-06-29,2358.0
2011-06-30,2359.0
2011-07-01,2370.0
2011-07-04,2374.0
2011-07-05,2375.0
2011-07-06,2375.0
2011-07-07,2375.0
2011-07-08,2375.0
2011-07-11,2376.0
2011-07-12,2380.0
2011-07-13,2379.0
2011-07-14,2378.0
2011-07-15,2379.0
2011-07-18,2379.0
2011-07-19,2381.0
2011-07-20,2381.0
2011-07-21,2381.0
2011-07-22,2381.0
2011-07-25,2383.0
2011-07-27,2384.0
2011-07-28,2387.0
2011-07-29,2389.0
2011-08-01,2392.0
2011-08-02,2397.0
2011-08-03,2398.0
2011-08-04,2403.0
2011-08-05,2404.0
2011-08-08,2406.0
2011-08-09,2407.0
2011-08-10,2409.0
2011-08-11,2411.0
2011-08-12,2413.0
2011-08-15,2416.0
2011-08-16,2416.0
2011-08-17,2417.0
2011-08-18,2419.0
2011-08-19,2420.0
2011-08-22,2422.0
2011-08-23,2423.0
2011-08-24,2423.0
2011-08-25,2435.0
2011-08-26,2439.0
2011-08-29,2455.0
2011-08-30,2467.0
2011-08-31,2474.0
2011-09-01,2491.0
2011-09-02,2495.0
2011-09-05,2505.0
2011-09-06,2514.0
2011-09-07,2515.0
2011-09-08,2518.0
2011-09-09,2526.0
2011-09-13,2530.0
2011-09-14,2559.0
2011-09-15,2562.0
2011-09-16,2566.0
2011-09-19,2590.0
2011-09-20,2596.0
2011-09-21,2597.0
2011-09-22,2595.0
2011-09-23,2596.0
2011-09-26,2581.0
2011-09-27,2581.0
2011-09-28,2576.0
2011-09-29,2572.0
2011-09-30,2573.0
2011-10-08,2553.0
2011-10-09,2545.0
2011-10-10,2540.0
2011-10-11,2536.0
2011-10-12,2531.0
2011-10-13,2524.0
2011-10-17,2511.0
2011-10-18,2502.0
2011-10-19,2494.0
2011-10-20,2494.0
2011-10-21,2492.0
2011-10-24,2484.0
2011-10-25,2475.0
2011-10-26,2475.0
2011-10-27,2470.0
2011-10-28,2470.0
2011-10-31,2462.0
2011-11-01,2456.0
2011-11-02,2448.0
2011-11-03,2440.0
2011-11-04,2426.0
2011-11-08,2408.0
2011-11-09,2398.0
2011-11-10,2396.0
2011-11-11,2386.0
2011-11-14,2380.0
2011-11-15,2378.0
2011-11-16,2370.0
2011-11-17,2370.0
2011-11-18,2368.0
2011-11-21,2363.0
2011-11-22,2357.0
2011-11-23,2355.0
2011-11-24,2355.0
2011-11-25,2352.0
2011-11-28,2349.0
2011-11-29,2350.0
2011-11-30,2345.0
2011-12-01,2345.0
2011-12-02,2344.0
2011-12-05,2344.0
2011-12-06,2342.0
2011-12-07,2343.0
2011-12-08,2344.0
2011-12-09,2347.0
2011-12-13,2359.0
2011-12-14,2363.0
2011-12-15,2368.0
2011-12-16,2370.0
2011-12-19,2367.0
2011-12-20,2367.0
2011-12-21,2367.0
2011-12-22,2366.0
2011-12-23,2369.0
2011-12-26,2371.0
2011-12-27,2370.0
2011-12-28,2373.0
2011-12-29,2376.0
2011-12-30,2378.0
2011-12-31,2379.0
2012-01-04,2379.0
2012-01-05,2379.0
2012-01-06,2381.0
2012-01-09,2384.0
2012-01-10,2390.0
2012-01-11,2392.0
2012-01-12,2395.0
2012-01-13,2397.0
2012-01-16,2398.0
2012-01-17,2398.0
2012-01-18,2400.0
2012-01-19,2400.0
2012-01-20,2400.0
2012-01-21,2400.0
2012-01-29,2400.0
2012-01-30,2403.0
2012-01-31,2400.0
2012-02-01,2402.0
2012-02-02,2403.0
2012-02-03,2407.0
2012-02-06,2412.0
2012-02-07,2412.0
2012-02-08,2414.0
2012-02-09,2420.0
2012-02-10,2420.0
2012-02-13,2422.0
2012-02-14,2422.0
2012-02-15,2424.0
2012-02-16,2426.0
2012-02-17,2429.0
2012-02-20,2428.18
2012-02-21,2428.18
2012-02-22,2429.55
2012-02-23,2431.36
2012-02-24,2430.91
2012-02-27,2433.64
2012-02-28,2436.36
2012-02-29,2440.0
2012-03-01,2440.0
2012-03-02,2445.45
2012-03-05,2448.18
2012-03-06,2450.23
2012-03-07,2454.55
2012-03-08,2455.91
2012-03-09,2455.91
2012-03-12,2455.91
2012-03-13,2456.82
2012-03-14,2462.27
2012-03-15,2467.05
2012-03-16,2469.32
2012-03-19,2475.91
2012-03-20,2476.82
2012-03-21,2477.73
2012-03-22,2478.64
2012-03-23,2479.55
2012-03-26,2480.0
2012-03-27,2484.09
2012-03-28,2488.64
2012-03-29,2492.73
2012-03-30,2490.91
2012-03-31,2493.64
2012-04-01,2493.64
2012-04-05,2494.55
2012-04-06,2496.82
2012-04-09,2497.27
2012-04-10,2498.18
2012-04-11,2500.45
2012-04-12,2500.45
2012-04-13,2501.82
2012-04-16,2495.0
2012-04-17,2489.77
2012-04-18,2490.68
2012-04-19,2490.68
2012-04-20,2490.68
2012-04-23,2490.0
2012-04-24,2491.36
2012-04-25,2491.36
2012-04-26,2490.0
2012-04-27,2490.45
2012-04-28,2490.45
2012-05-02,2496.36
2012-05-03,2497.27
2012-05-04,2497.95
2012-05-07,2497.95
2012-05-08,2499.09
2012-05-09,2500.23
2012-05-10,2500.23
2012-05-11,2500.23
2012-05-14,2500.23
2012-05-15,2500.23
2012-05-16,2496.36
2012-05-17,2492.73
2012-05-18,2492.73
2012-05-21,2493.18
2012-05-22,2494.55
2012-05-23,2493.18
2012-05-24,2492.27
2012-05-25,2492.27
2012-05-28,2491.14
2012-05-29,2489.55
2012-05-30,2491.36
2012-05-31,2490.45
2012-06-01,2489.55
2012-06-04,2489.55
2012-06-05,2488.64
2012-06-06,2487.27
2012-06-07,2487.73
2012-06-08,2487.73
2012-06-11,2487.5
2012-06-12,2490.68
2012-06-13,2493.41
2012-06-14,2494.55
2012-06-15,2494.09
2012-06-18,2496.14
2012-06-19,2496.14
2012-06-20,2496.59
2012-06-21,2497.5
2012-06-25,2503.64
2012-06-26,2502.73
2012-06-27,2504.09
2012-06-28,2504.32
2012-06-29,2508.41
2012-07-02,2508.18
2012-07-03,2509.09
2012-07-04,2510.45
2012-07-05,2509.55
2012-07-06,2510.45
2012-07-09,2510.45
2012-07-10,2511.82
2012-07-11,2512.27
2012-07-12,2512.27
2012-07-13,2512.95
2012-07-16,2514.55
2012-07-17,2516.36
2012-07-18,2515.91
2012-07-19,2521.59
2012-07-20,2524.09
2012-07-23,2526.82
2012-07-24,2527.73
2012-07-25,2528.64
2012-07-26,2532.73
2012-07-27,2534.09
2012-07-30,2538.18
2012-07-31,2540.91
2012-08-01,2542.27
2012-08-02,2546.82
2012-08-03,2549.55
2012-08-06,2550.0
2012-08-07,2550.45
2012-08-08,2552.73
2012-08-09,2552.73
2012-08-13,2555.45
2012-08-14,2560.0
2012-08-15,2561.82
2012-08-16,2564.09
2012-08-17,2564.55
2012-08-20,2567.27
2012-08-21,2566.36
2012-08-22,2567.5
2012-08-23,2567.5
2012-08-24,2567.95
2012-08-27,2569.32
2012-08-28,2567.05
2012-08-29,2568.86
2012-08-30,2569.09
2012-08-31,2569.09
2012-09-03,2568.64
2012-09-04,2566.36
2012-09-05,2564.09
2012-09-06,2563.64
2012-09-07,2558.41
2012-09-10,2557.27
2012-09-11,2556.36
2012-09-12,2555.91
2012-09-13,2555.45
2012-09-14,2554.09
2012-09-17,2552.73
2012-09-18,2551.14
2012-09-19,2549.09
2012-09-20,2541.82
2012-09-21,2535.45
2012-09-24,2532.95
2012-09-25,2522.05
2012-09-26,2519.32
2012-09-27,2517.73
2012-09-28,2512.95
2012-09-29,2512.95
2012-10-08,2488.18
2012-10-09,2472.05
2012-10-10,2468.18
2012-10-11,2465.91
2012-10-12,2442.73
2012-10-15,2441.36
2012-10-16,2437.73
2012-10-17,2430.91
2012-10-18,2415.45
2012-10-19,2408.18
2012-10-22,2402.73
2012-10-23,2400.0
2012-10-24,2395.0
2012-10-25,2390.91
2012-10-26,2384.09
2012-10-29,2380.91
2012-10-30,2380.45
2012-10-31,2379.09
2012-11-01,2374.55
2012-11-02,2372.27
2012-11-05,2370.91
2012-11-06,2370.68
2012-11-07,2372.05
2012-11-08,2372.95
2012-11-09,2373.18
2012-11-12,2373.64
2012-11-13,2376.36
2012-11-14,2376.36
2012-11-15,2378.18
2012-11-16,2378.86
2012-11-19,2382.05
2012-11-20,2384.09
2012-11-21,2387.73
2012-11-22,2389.09
2012-11-23,2390.91
2012-11-26,2391.82
2012-11-27,2392.73
2012-11-28,2398.64
2012-11-29,2395.45
2012-11-30,2398.18
2012-12-03,2398.64
2012-12-04,2399.09
2012-12-05,2398.18
2012-12-06,2398.64
2012-12-07,2399.55
2012-12-10,2401.36
2012-12-11,2404.09
2012-12-12,2405.0
2012-12-13,2404.32
2012-12-14,2404.32
2012-12-17,2405.23
2012-12-18,2404.32
2012-12-19,2404.32
2012-12-20,2404.32
2012-12-21,2403.64
2012-12-24,2405.91
2012-12-25,2408.41
2012-12-26,2410.23
2012-12-27,2410.68
2012-12-28,2410.68
2012-12-31,2412.27
2013-01-04,2413.18
2013-01-05,2416.82
2013-01-06,2418.64
2013-01-07,2419.55
2013-01-08,2420.45
2013-01-09,2422.27
2013-01-10,2422.73
2013-01-11,2424.09
2013-01-14,2425.23
2013-01-15,2427.95
2013-01-16,2430.0
2013-01-17,2433.64
2013-01-18,2435.23
2013-01-21,2436.82
2013-01-22,2436.59
2013-01-23,2435.68
2013-01-24,2434.77
2013-01-25,2435.68
2013-01-28,2434.09
2013-01-29,2433.64
2013-01-30,2433.64
2013-01-31,2432.27
2013-02-01,2431.14
2013-02-04,2431.14
2013-02-05,2430.68
2013-02-06,2430.68
2013-02-07,2430.68
2013-02-16,2430.68
2013-02-17,2432.27
2013-02-18,2432.27
2013-02-19,2435.0
2013-02-20,2435.0
2013-02-21,2430.91
2013-02-25,2433.41
2013-02-26,2429.38
2013-02-27,2424.78
2013-02-28,2423.48
2013-03-01,2422.83
2013-03-04,2416.3
2013-03-05,2416.04
2013-03-06,2417.29
2013-03-07,2416.88
2013-03-08,2414.58
2013-03-11,2417.08
2013-03-12,2419.17
2013-03-13,2419.58
2013-03-14,2420.62
2013-03-15,2420.0
2013-03-18,2418.33
2013-03-19,2415.42
2013-03-20,2415.42
2013-03-21,2415.42
2013-03-22,2416.04
2013-03-25,2412.5
2013-03-26,2412.08
2013-03-27,2410.0
2013-03-28,2410.0
2013-03-29,2407.92
2013-04-01,2406.25
2013-04-02,2405.0
2013-04-03,2402.92
2013-04-07,2401.67
2013-04-08,2400.83
2013-04-09,2397.5
2013-04-10,2394.58
2013-04-11,2392.08
2013-04-12,2393.33
2013-04-15,2388.75
2013-04-16,2381.25
2013-04-17,2378.75
2013-04-18,2378.33
2013-04-19,2375.83
2013-04-22,2374.58
2013-04-23,2372.08
2013-04-24,2365.83
2013-04-25,2361.25
2013-04-26,2361.25
2013-04-27,2360.0
2013-04-28,2358.33
2013-05-02,2359.58
2013-05-03,2357.92
2013-05-06,2358.33
2013-05-07,2360.0
2013-05-08,2363.33
2013-05-09,2367.92
2013-05-10,2367.08
2013-05-13,2372.08
2013-05-14,2372.92
2013-05-15,2372.92
2013-05-16,2374.58
2013-05-17,2374.58
2013-05-20,2377.08
2013-05-21,2377.08
2013-05-22,2375.83
2013-05-23,2377.5
2013-05-24,2380.42
2013-05-27,2381.25
2013-05-28,2385.42
2013-05-29,2388.33
2013-05-30,2389.17
2013-05-31,2389.58
2013-06-03,2392.5
2013-06-04,2392.08
2013-06-05,2395.83
2013-06-06,2396.25
2013-06-07,2396.25
2013-06-08,2396.67
2013-06-09,2398.33
2013-06-13,2400.0
2013-06-14,2401.25
2013-06-17,2401.25
2013-06-18,2400.21
2013-06-19,2400.21
2013-06-20,2399.38
2013-06-21,2399.38
2013-06-24,2402.5
2013-06-25,2402.5
2013-06-26,2407.5
2013-06-27,2412.5
2013-06-28,2416.67
2013-07-01,2417.08
2013-07-02,2417.5
2013-07-03,2417.92
2013-07-04,2421.25
2013-07-05,2424.17
2013-07-08,2427.92
2013-07-09,2432.92
2013-07-10,2435.42
2013-07-11,2442.08
2013-07-12,2443.33
2013-07-15,2443.75
2013-07-16,2443.75
2013-07-17,2445.0
2013-07-18,2445.42
2013-07-19,2446.67
2013-07-22,2447.92
2013-07-23,2450.83
2013-07-24,2452.5
2013-07-25,2452.29
2013-07-26,2449.79
2013-07-29,2448.96
2013-07-30,2449.58
2013-07-31,2448.33
2013-08-01,2447.92
2013-08-02,2447.5
2013-08-05,2447.5
2013-08-06,2447.92
2013-08-07,2447.5
2013-08-08,2447.92
2013-08-09,2447.92
2013-08-12,2447.08
2013-08-13,2445.0
2013-08-14,2442.5
2013-08-15,2440.83
2013-08-16,2439.58
2013-08-19,2439.17
2013-08-20,2436.25
2013-08-21,2435.42
2013-08-22,2433.75
2013-08-23,2432.08
2013-08-26,2428.33
2013-08-27,2422.92
2013-08-28,2417.92
2013-08-29,2416.67
2013-08-30,2417.5
2013-09-02,2417.08
2013-09-03,2416.67
2013-09-04,2412.92
2013-09-05,2410.21
2013-09-06,2408.96
2013-09-09,2411.46
2013-09-10,2410.62
2013-09-11,2409.58
2013-09-12,2409.58
2013-09-13,2412.5
2013-09-16,2422.08
2013-09-17,2422.08
2013-09-18,2423.33
2013-09-22,2423.33
2013-09-23,2427.08
2013-09-24,2427.92
2013-09-25,2427.92
2013-09-26,2427.92
2013-09-27,2427.08
2013-09-29,2424.17
2013-09-30,2417.5
2013-10-08,2407.5
2013-10-09,2402.92
2013-10-10,2401.67
2013-10-11,2395.42
2013-10-12,2384.58
2013-10-14,2382.92
2013-10-15,2382.92
2013-10-16,2382.5
2013-10-17,2379.17
2013-10-18,2375.83
2013-10-21,2374.58
2013-10-22,2373.75
2013-10-23,2367.92
2013-10-24,2364.17
2013-10-25,2362.92
2013-10-28,2362.5
2013-10-29,2361.25
2013-10-30,2360.0
2013-10-31,2362.92
2013-11-01,2364.17
2013-11-04,2364.58
2013-11-05,2363.33
2013-11-06,2365.83
2013-11-07,2365.0
2013-11-08,2366.67
2013-11-11,2366.67
2013-11-12,2368.75
2013-11-13,2372.5
2013-11-14,2372.08
2013-11-15,2371.67
2013-11-18,2373.33
2013-11-19,2378.33
2013-11-20,2379.17
2013-11-21,2379.58
2013-11-22,2380.42
2013-11-25,2382.92
2013-11-26,2383.75
2013-11-27,2384.58
2013-11-28,2385.42
2013-11-29,2388.33
2013-12-02,2388.75
2013-12-03,2388.33
2013-12-04,2384.17
2013-12-05,2382.08
2013-12-06,2383.75
2013-12-09,2381.67
2013-12-10,2380.42
2013-12-11,2380.21
2013-12-12,2379.79
2013-12-13,2379.38
2013-12-16,2377.71
2013-12-17,2378.54
2013-12-18,2375.62
2013-12-19,2372.71
2013-12-20,2371.88
2013-12-23,2366.04
2013-12-24,2363.54
2013-12-25,2362.29
2013-12-26,2361.88
2013-12-27,2362.29
2013-12-30,2362.29
2013-12-31,2359.38
2014-01-02,2359.38
2014-01-03,2357.71
2014-01-06,2357.5
2014-01-07,2356.25
2014-01-08,2356.67
2014-01-09,2354.17
2014-01-10,2353.75
2014-01-13,2352.5
2014-01-14,2352.92
2014-01-15,2352.92
2014-01-16,2352.92
2014-01-17,2352.08
2014-01-20,2350.83
2014-01-21,2350.83
2014-01-22,2352.08
2014-01-23,2351.25
2014-01-24,2352.92
2014-01-26,2351.25
2014-01-27,2351.25
2014-01-28,2351.25
2014-01-29,2351.25
2014-01-30,2351.25
2014-02-07,2351.25
2014-02-08,2351.25
2014-02-10,2351.25
2014-02-11,2352.08
2014-02-12,2352.5
2014-02-13,2353.75
2014-02-14,2352.92
2014-02-17,2353.75
2014-02-18,2357.08
2014-02-19,2356.25
2014-02-20,2355.42
2014-02-21,2353.54
2014-02-24,2353.12
2014-02-25,2353.12
2014-02-26,2351.88
2014-02-27,2350.21
2014-02-28,2350.21
2014-03-03,2349.79
2014-03-04,2351.46
2014-03-05,2354.38
2014-03-06,2357.71
2014-03-07,2356.46
2014-03-10,2356.25
2014-03-11,2352.92
2014-03-12,2352.5
2014-03-13,2352.5
2014-03-14,2352.5
2014-03-17,2352.5
2014-03-18,2351.67
2014-03-19,2350.0
2014-03-20,2350.0
2014-03-21,2349.17
2014-03-24,2349.17
2014-03-25,2348.75
2014-03-26,2348.33
2014-03-27,2348.33
2014-03-28,2348.33
2014-03-31,2348.33
2014-04-01,2347.5
2014-04-02,2347.5
2014-04-03,2348.33
2014-04-04,2348.33
2014-04-08,2348.75
2014-04-09,2348.33
2014-04-10,2349.58
2014-04-11,2352.92
2014-04-14,2358.75
2014-04-15,2359.17
2014-04-16,2364.17
2014-04-17,2367.5
2014-04-18,2370.42
2014-04-21,2375.62
2014-04-22,2379.79
2014-04-23,2383.75
2014-04-24,2385.0
2014-04-25,2388.33
2014-04-28,2388.75
2014-04-29,2390.42
2014-04-30,2390.42
2014-05-04,2392.5
2014-05-05,2398.75
2014-05-06,2401.67
2014-05-07,2399.58
2014-05-08,2399.58
2014-05-09,2404.17
2014-05-12,2413.33
2014-05-13,2422.5
2014-05-14,2427.92
2014-05-15,2430.42
2014-05-16,2436.04
2014-05-19,2434.79
2014-05-20,2441.46
2014-05-21,2441.46
2014-05-22,2443.75
2014-05-23,2450.0
2014-05-26,2452.5
2014-05-27,2459.17
2014-05-28,2460.0
2014-05-29,2464.17
2014-05-30,2467.5
2014-06-02,2469.58
2014-06-03,2469.58
2014-06-04,2472.92
2014-06-05,2473.75
2014-06-06,2477.92
2014-06-09,2482.08
2014-06-10,2483.75
2014-06-11,2485.83
2014-06-12,2487.08
2014-06-13,2493.33
2014-06-16,2496.67
2014-06-17,2498.33
2014-06-18,2498.33
2014-06-19,2500.0
2014-06-20,2503.75
2014-06-23,2512.5
2014-06-24,2513.75
2014-06-25,2516.67
2014-06-26,2524.58
2014-06-27,2529.58
2014-06-30,2532.92
2014-07-01,2540.42
2014-07-02,2544.58
2014-07-03,2551.25
2014-07-04,2551.25
2014-07-07,2555.83
2014-07-08,2558.33
2014-07-09,2569.58
2014-07-10,2576.67
2014-07-11,2587.92
2014-07-14,2595.42
2014-07-15,2601.67
2014-07-16,2602.08
2014-07-17,2605.42
2014-07-18,2608.75
2014-07-21,2608.75
2014-07-22,2610.83
2014-07-23,2612.08
2014-07-24,2615.42
2014-07-25,2616.67
2014-07-28,2619.17
2014-07-29,2619.17
2014-07-30,2623.75
2014-07-31,2626.25
2014-08-01,2627.08
2014-08-04,2632.08
2014-08-05,2639.58
2014-08-06,2641.25
2014-08-07,2647.08
2014-08-08,2648.33
2014-08-11,2663.75
2014-08-12,2665.0
2014-08-13,2672.5
2014-08-14,2679.17
2014-08-15,2685.42
2014-08-18,2687.92
2014-08-19,2689.17
2014-08-20,2690.0
2014-08-21,2692.5
2014-08-22,2698.33
2014-08-25,2703.75
2014-08-26,2707.08
2014-08-27,2709.58
2014-08-28,2712.08
2014-08-29,2712.92
2014-09-01,2712.92
2014-09-02,2712.08
2014-09-03,2711.25
2014-09-04,2714.17
2014-09-05,2713.75
2014-09-09,2713.33
2014-09-10,2713.33
2014-09-11,2713.33
2014-09-12,2695.42
2014-09-15,2691.25
2014-09-16,2685.0
2014-09-17,2681.67
2014-09-18,2667.92
2014-09-19,2663.75
2014-09-22,2660.0
2014-09-23,2655.0
2014-09-24,2647.08
2014-09-25,2638.33
2014-09-26,2627.92
2014-09-28,2626.25
2014-09-29,2615.0
2014-09-30,2616.25
2014-10-08,2555.0
2014-10-09,2548.75
2014-10-10,2543.75
2014-10-11,2526.25
2014-10-13,2512.08
2014-10-14,2502.5
2014-10-15,2498.75
2014-10-16,2490.42
2014-10-17,2485.83
2014-10-20,2477.92
2014-10-21,2472.5
2014-10-22,2458.75
2014-10-23,2451.67
2014-10-24,2443.75
2014-10-27,2438.33
2014-10-28,2432.5
2014-10-29,2431.25
2014-10-30,2431.67
2014-10-31,2429.58
2014-11-03,2429.58
2014-11-04,2429.17
2014-11-05,2429.17
2014-11-06,2429.58
2014-11-07,2428.75
2014-11-10,2428.75
2014-11-11,2429.79
2014-11-12,2429.79
2014-11-13,2430.62
2014-11-14,2431.46
2014-11-17,2430.62
2014-11-18,2431.88
2014-11-19,2430.21
2014-11-20,2430.62
2014-11-21,2430.42
2014-11-24,2429.58
2014-11-25,2427.92
2014-11-26,2424.17
2014-11-27,2409.38
2014-11-28,2407.5
2014-12-01,2407.19
2014-12-02,2404.69
2014-12-03,2402.5
2014-12-04,2401.25
2014-12-05,2400.62
2014-12-08,2400.0
2014-12-09,2397.03
2014-12-10,2393.59
2014-12-11,2391.72
2014-12-12,2388.44
2014-12-15,2387.5
2014-12-16,2387.19
2014-12-17,2386.56
2014-12-18,2386.56
2014-12-19,2386.88
2014-12-22,2385.47
2014-12-23,2386.09
2014-12-24,2384.06
2014-12-25,2379.69
2014-12-26,2378.44
2014-12-29,2377.5
2014-12-30,2373.75
2014-12-31,2373.12
2015-01-04,2371.88
2015-01-05,2369.06
2015-01-06,2366.56
2015-01-07,2366.72
2015-01-08,2364.84
2015-01-09,2365.78
2015-01-12,2366.88
2015-01-13,2367.19
2015-01-14,2366.88
2015-01-15,2366.88
2015-01-16,2366.25
2015-01-19,2365.31
2015-01-20,2365.78
2015-01-21,2366.72
2015-01-22,2364.69
2015-01-23,2364.69
2015-01-26,2364.06
2015-01-27,2363.75
2015-01-28,2364.22
2015-01-29,2363.59
2015-01-30,2365.47
2015-02-02,2365.62
2015-02-03,2366.56
2015-02-04,2366.56
2015-02-05,2365.62
2015-02-06,2365.31
2015-02-09,2365.94
2015-02-10,2365.78
2015-02-11,2367.66
2015-02-12,2368.28
2015-02-13,2368.28
2015-02-15,2368.28
2015-02-16,2368.28
2015-02-17,2368.28
2015-02-25,2368.28
2015-02-26,2369.53
2015-02-27,2370.78
2015-02-28,2370.78
2015-03-02,2374.06
2015-03-03,2376.25
2015-03-04,2380.31
2015-03-05,2381.72
2015-03-06,2383.12
2015-03-09,2387.19
2015-03-10,2393.12
2015-03-11,2394.69
2015-03-12,2398.75
2015-03-13,2401.56
2015-03-16,2411.25
2015-03-17,2413.12
2015-03-18,2418.44
2015-03-19,2422.19
2015-03-20,2423.44
2015-03-23,2427.5
2015-03-24,2435.0
2015-03-25,2439.69
2015-03-26,2439.69
2015-03-27,2439.69
2015-03-30,2440.31
2015-03-31,2442.5
2015-04-01,2442.5
2015-04-02,2444.06
2015-04-03,2444.69
2015-04-07,2444.69
2015-04-08,2444.38
2015-04-09,2444.38
2015-04-10,2444.06
2015-04-13,2443.44
2015-04-14,2442.5
2015-04-15,2442.81
2015-04-16,2447.81
2015-04-17,2447.81
2015-04-20,2447.5
2015-04-21,2446.25
2015-04-22,2446.88
2015-04-23,2446.88
2015-04-24,2447.19
2015-04-27,2446.88
2015-04-28,2443.44
2015-04-29,2443.44
2015-04-30,2443.44
2015-05-04,2443.12
2015-05-05,2445.94
2015-05-06,2448.44
2015-05-07,2449.38
2015-05-08,2449.69
2015-05-11,2450.0
2015-05-12,2451.25
2015-05-13,2452.19
2015-05-14,2452.81
2015-05-15,2453.75
2015-05-18,2455.62
2015-05-19,2457.19
2015-05-20,2456.56
2015-05-21,2456.88
2015-05-22,2457.19
2015-05-25,2456.88
2015-05-26,2457.81
2015-05-27,2456.56
2015-05-28,2457.19
2015-05-29,2456.88
2015-06-01,2456.25
2015-06-02,2455.62
2015-06-03,2454.38
2015-06-04,2453.44
2015-06-05,2451.56
2015-06-08,2451.88
2015-06-09,2450.31
2015-06-10,2450.62
2015-06-11,2450.62
2015-06-12,2450.31
2015-06-15,2450.31
2015-06-16,2448.75
2015-06-17,2448.44
2015-06-18,2447.19
2015-06-19,2446.25
2015-06-23,2444.06
2015-06-24,2443.44
2015-06-25,2443.12
2015-06-26,2442.81
2015-06-29,2441.56
2015-06-30,2440.0
2015-07-01,2437.81
2015-07-02,2437.5
2015-07-03,2433.12
2015-07-06,2430.94
2015-07-07,2425.0
2015-07-08,2420.94
2015-07-09,2418.75
2015-07-10,2415.0
2015-07-13,2414.06
2015-07-14,2414.69
2015-07-15,2415.31
2015-07-16,2414.06
2015-07-17,2415.0
2015-07-20,2423.75
2015-07-21,2422.19
2015-07-22,2422.19
2015-07-23,2421.56
2015-07-24,2422.19
2015-07-27,2420.62
2015-07-28,2419.69
2015-07-29,2420.94
2015-07-30,2419.69
2015-07-31,2417.81
2015-08-03,2417.5
2015-08-04,2415.62
2015-08-05,2413.75
2015-08-06,2413.44
2015-08-07,2413.75
2015-08-10,2410.62
2015-08-11,2403.75
2015-08-12,2403.12
2015-08-13,2402.81
2015-08-14,2400.62
2015-08-17,2394.69
2015-08-18,2388.44
2015-08-19,2383.75
2015-08-20,2380.94
2015-08-21,2373.12
2015-08-24,2372.5
2015-08-25,2371.25
2015-08-26,2369.38
2015-08-27,2364.06
2015-08-28,2363.12
2015-08-31,2361.25
2015-09-01,2353.75
2015-09-02,2327.5
2015-09-06,2320.0
2015-09-07,2317.5
2015-09-08,2315.62
2015-09-09,2307.81
2015-09-10,2306.25
2015-09-11,2306.88
2015-09-14,2297.5
2015-09-15,2280.31
2015-09-16,2269.38
2015-09-17,2268.12
2015-09-18,2265.94
2015-09-21,2238.75
2015-09-22,2225.0
2015-09-23,2210.31
2015-09-24,2206.56
2015-09-25,2205.0
2015-09-28,2199.69
2015-09-29,2191.88
2015-09-30,2165.31
2015-10-08,2114.69
2015-10-09,2096.56
2015-10-10,2074.69
2015-10-12,2071.25
2015-10-13,2071.25
2015-10-14,2069.38
2015-10-15,2062.19
2015-10-16,2062.19
2015-10-19,2053.12
2015-10-20,2045.94
2015-10-21,2039.06
2015-10-22,2036.88
2015-10-23,2036.88
2015-10-26,2033.12
2015-10-27,2024.69
2015-10-28,2020.62
2015-10-29,2020.94
2015-10-30,2018.75
2015-11-02,2015.31
2015-11-03,2010.31
2015-11-04,2010.94
2015-11-05,2011.56
2015-11-06,2010.62
2015-11-09,2014.38
2015-11-10,2021.88
2015-11-11,2022.81
2015-11-12,2036.88
2015-11-13,2045.0
2015-11-16,2051.88
2015-11-17,2052.5
2015-11-18,2065.31
2015-11-19,2069.06
2015-11-20,2071.56
2015-11-23,2075.0
2015-11-24,2075.0
2015-11-25,2078.44
2015-11-26,2080.0
2015-11-27,2084.38
2015-11-30,2086.88
2015-12-01,2087.81
2015-12-02,2092.5
2015-12-03,2093.12
2015-12-04,2095.16
2015-12-07,2093.75
2015-12-08,2092.81
2015-12-09,2090.94
2015-12-10,2090.94
2015-12-11,2085.62
2015-12-14,2084.38
2015-12-15,2085.47
2015-12-16,2085.78
2015-12-17,2086.56
2015-12-18,2083.75
2015-12-21,2082.5
2015-12-22,2085.0
2015-12-23,2087.19
2015-12-24,2088.75
2015-12-25,2090.0
2015-12-28,2091.88
2015-12-29,2093.12
2015-12-30,2092.81
2015-12-31,2094.06
2016-01-04,2092.5
2016-01-05,2091.88
2016-01-06,2089.06
2016-01-07,2088.44
2016-01-08,2086.25
2016-01-11,2082.5
2016-01-12,2081.56
2016-01-13,2078.75
2016-01-14,2078.75
2016-01-15,2077.81
2016-01-18,2076.88
2016-01-19,2074.38
2016-01-20,2071.25
2016-01-21,2065.31
2016-01-22,2060.94
2016-01-25,2062.5
2016-01-26,2062.5
2016-01-27,2062.19
2016-01-28,2060.62
2016-01-29,2061.56
2016-02-01,2060.94
2016-02-02,2060.31
2016-02-03,2058.44
2016-02-04,2058.44
2016-02-05,2058.44
2016-02-06,2058.44
2016-02-14,2058.44
2016-02-15,2058.44
2016-02-16,2058.44
2016-02-17,2059.06
2016-02-18,2057.5
2016-02-19,2057.5
2016-02-22,2055.94
2016-02-23,2054.06
2016-02-24,2052.81
2016-02-25,2050.62
2016-02-26,2046.56
2016-02-29,2036.25
2016-03-01,2035.0
2016-03-02,2034.38
2016-03-03,2034.38
2016-03-04,2032.19
2016-03-07,2028.44
2016-03-08,2023.44
2016-03-09,2020.31
2016-03-10,2020.31
2016-03-11,2019.69
2016-03-14,2015.94
2016-03-15,2010.62
2016-03-16,2007.5
2016-03-17,2006.25
2016-03-18,2001.56
2016-03-21,2000.31
2016-03-22,1999.06
2016-03-23,1962.19
2016-03-24,1962.19
2016-03-25,1962.5
2016-03-28,1958.75
2016-03-29,1950.94
2016-03-30,1949.69
2016-03-31,1949.38
2016-04-01,1938.12
2016-04-05,1929.69
2016-04-06,1918.12
2016-04-07,1910.0
2016-04-08,1896.88
2016-04-11,1895.94
2016-04-12,1882.19
2016-04-13,1877.19
2016-04-14,1871.88
2016-04-15,1875.31
2016-04-18,1873.12
2016-04-19,1869.69
2016-04-20,1866.88
2016-04-21,1864.06
2016-04-22,1862.19
2016-04-25,1865.62
2016-04-26,1865.94
2016-04-27,1865.31
2016-04-28,1865.0
2016-04-29,1865.62
2016-05-03,1863.81
2016-05-04,1858.44
2016-05-05,1858.44
2016-05-06,1859.06
2016-05-09,1858.44
2016-05-10,1857.19
2016-05-11,1856.25
2016-05-12,1856.25
2016-05-13,1853.44
2016-05-16,1853.12
2016-05-17,1849.06
2016-05-18,1847.5
2016-05-19,1845.31
2016-05-20,1841.88
2016-05-23,1839.38
2016-05-24,1837.5
2016-05-25,1839.69
2016-05-26,1838.75
2016-05-27,1838.44
2016-05-30,1840.94
2016-05-31,1843.12
2016-06-01,1843.12
2016-06-02,1845.0
2016-06-03,1847.5
2016-06-06,1866.56
2016-06-07,1878.75
2016-06-08,1880.31
2016-06-12,1885.31
2016-06-13,1888.44
2016-06-14,1895.62
2016-06-15,1897.5
2016-06-16,1902.81
2016-06-17,1936.56
2016-06-20,1940.62
2016-06-21,1942.81
2016-06-22,1950.94
2016-06-23,1952.5
2016-06-24,1957.5
2016-06-27,1960.62
2016-06-28,1963.75
2016-06-29,1969.69
2016-06-30,1969.38
2016-07-01,1973.44
2016-07-04,1974.69
2016-07-05,1977.5
2016-07-06,1977.19
2016-07-07,1974.38
2016-07-08,1978.75
2016-07-11,1979.69
2016-07-12,1980.62
2016-07-13,1979.69
2016-07-14,1980.0
2016-07-15,1979.69
2016-07-18,1970.31
2016-07-19,1955.0
2016-07-20,1949.69
2016-07-21,1947.19
2016-07-22,1944.38
2016-07-25,1939.38
2016-07-26,1939.06
2016-07-27,1934.69
2016-07-28,1933.12
2016-07-29,1930.31
2016-08-01,1928.44
2016-08-02,1927.5
2016-08-03,1924.38
2016-08-04,1919.69
2016-08-05,1911.25
2016-08-08,1911.25
2016-08-09,1910.62
2016-08-10,1910.62
2016-08-11,1905.31
2016-08-12,1899.69
2016-08-15,1898.75
2016-08-16,1901.25
2016-08-17,1902.19
2016-08-18,1902.19
2016-08-19,1904.38
2016-08-22,1905.0
2016-08-23,1908.75
2016-08-24,1910.0
2016-08-25,1912.81
2016-08-26,1915.0
2016-08-29,1914.69
2016-08-30,1920.94
2016-08-31,1921.88
2016-09-01,1924.69
2016-09-02,1927.81
2016-09-05,1932.19
2016-09-06,1932.5
2016-09-07,1930.31
2016-09-08,1930.94
2016-09-09,1945.0
2016-09-12,1944.38
2016-09-13,1941.88
2016-09-14,1930.0
2016-09-18,1925.94
2016-09-19,1900.94
2016-09-20,1893.12
2016-09-21,1879.38
2016-09-22,1878.12
2016-09-23,1874.69
2016-09-26,1869.06
2016-09-27,1856.56
2016-09-28,1854.69
2016-09-29,1852.5
2016-09-30,1837.81
2016-10-08,1817.19
2016-10-09,1806.88
2016-10-10,1801.25
2016-10-11,1798.75
2016-10-12,1792.81
2016-10-13,1790.31
2016-10-14,1789.69
2016-10-17,1790.31
2016-10-18,1787.19
2016-10-19,1787.19
2016-10-20,1788.44
2016-10-21,1791.56
2016-10-24,1789.69
2016-10-25,1794.38
2016-10-26,1806.56
2016-10-27,1808.44
2016-10-28,1809.06
2016-10-31,1809.69
2016-11-01,1819.38
2016-11-02,1819.69
2016-11-03,1821.56
2016-11-04,1821.88
2016-11-07,1821.88
2016-11-08,1825.62
2016-11-09,1825.62
2016-11-10,1827.5
2016-11-11,1832.19
2016-11-14,1843.12
2016-11-15,1857.5
2016-11-16,1869.06
2016-11-17,1870.0
2016-11-18,1870.0
2016-11-21,1869.38
2016-11-22,1868.44
2016-11-23,1866.88
2016-11-24,1863.12
2016-11-25,1860.0
2016-11-28,1837.81
2016-11-29,1836.25
2016-11-30,1834.06
2016-12-01,1835.62
2016-12-02,1834.06
2016-12-05,1827.81
2016-12-06,1820.94
2016-12-07,1815.0
2016-12-08,1806.25
2016-12-09,1799.69
2016-12-12,1789.06
2016-12-13,1784.69
2016-12-14,1777.5
2016-12-15,1768.44
2016-12-16,1765.0
2016-12-19,1750.62
2016-12-20,1733.12
2016-12-21,1720.62
2016-12-22,1698.75
2016-12-23,1697.81
2016-12-26,1675.0
2016-12-27,1665.31
2016-12-28,1665.94
2016-12-29,1663.12
2016-12-30,1660.0
2017-01-03,1654.38
2017-01-04,1650.0
2017-01-05,1650.94
2017-01-06,1643.44
2017-01-09,1645.31
2017-01-10,1647.19
2017-01-11,1645.0
2017-01-12,1640.94
2017-01-13,1636.88
2017-01-16,1600.0
2017-01-17,1597.25
2017-01-18,1593.0
2017-01-19,1592.0
2017-01-20,1591.5
2017-01-22,1591.5
2017-01-23,1591.5
2017-01-24,1591.5
2017-01-25,1591.5
2017-01-26,1591.5
2017-02-03,1591.5
2017-02-04,1589.5
2017-02-06,1589.75
2017-02-07,1591.25
2017-02-08,1589.5
2017-02-09,1590.5
2017-02-10,1589.25
2017-02-13,1590.25
2017-02-14,1591.75
2017-02-15,1592.75
2017-02-16,1591.5
2017-02-17,1592.0
2017-02-20,1591.25
2017-02-21,1589.75
2017-02-22,1589.25
2017-02-23,1589.0
2017-02-24,1585.62
2017-02-27,1586.22
2017-02-28,1589.75
2017-03-01,1592.25
2017-03-02,1593.25
2017-03-03,1594.25
2017-03-06,1598.5
2017-03-07,1605.5
2017-03-08,1610.5
2017-03-09,1613.0
2017-03-10,1613.25
2017-03-13,1612.5
2017-03-14,1607.75
2017-03-15,1605.5
2017-03-16,1606.25
2017-03-17,1604.75
2017-03-20,1605.5
2017-03-21,1609.25
2017-03-22,1609.25
2017-03-23,1609.25
2017-03-24,1613.9
2017-03-27,1628.65
2017-03-28,1634.4
2017-03-29,1635.9
2017-03-30,1643.15
2017-03-31,1642.65
2017-04-01,1642.65
2017-04-05,1643.9
2017-04-06,1653.25
2017-04-07,1657.75
2017-04-10,1665.5
2017-04-11,1680.75
2017-04-12,1680.5
2017-04-13,1680.75
2017-04-14,1682.5
2017-04-17,1683.75
2017-04-18,1687.5
2017-04-19,1687.5
2017-04-20,1689.0
2017-04-21,1689.5
2017-04-24,1692.25
2017-04-25,1693.25
2017-04-26,1693.25
2017-04-27,1697.75
2017-04-28,1697.88
2017-05-02,1695.5
2017-05-03,1693.75
2017-05-04,1693.75
2017-05-05,1694.25
2017-05-08,1697.25
2017-05-09,1698.0
2017-05-10,1698.0
2017-05-11,1701.62
2017-05-12,1703.75
2017-05-15,1705.25
2017-05-16,1706.0
2017-05-17,1713.0
2017-05-18,1717.75
2017-05-19,1723.75
2017-05-22,1728.25
2017-05-23,1727.75
2017-05-24,1728.75
2017-05-25,1729.75
2017-05-26,1730.25
2017-05-27,1731.75
2017-05-31,1732.0
2017-06-01,1735.25
2017-06-02,1735.0
2017-06-05,1738.0
2017-06-06,1738.0
2017-06-07,1735.75
2017-06-08,1737.25
2017-06-09,1736.25
2017-06-12,1735.75
2017-06-13,1735.75
2017-06-14,1736.5
2017-06-15,1737.5
2017-06-16,1737.75
2017-06-19,1738.0
2017-06-20,1738.5
2017-06-21,1741.25
2017-06-22,1741.75
2017-06-23,1747.25
2017-06-26,1747.75
2017-06-27,1750.5
2017-06-28,1752.75
2017-06-29,1755.0
2017-06-30,1766.25
2017-07-03,1766.25
2017-07-04,1766.75
2017-07-05,1767.25
2017-07-06,1768.25
2017-07-07,1770.75
2017-07-10,1771.25
2017-07-11,1772.5
2017-07-12,1772.0
2017-07-13,1773.25
2017-07-14,1774.25
2017-07-17,1775.25
2017-07-18,1776.0
2017-07-19,1776.75
2017-07-20,1776.75
2017-07-21,1777.25
2017-07-24,1776.0
2017-07-25,1773.5
2017-07-26,1773.25
2017-07-27,1762.5
2017-07-28,1762.0
2017-07-31,1760.25
2017-08-01,1759.75
2017-08-02,1759.0
2017-08-03,1758.75
2017-08-04,1757.25
2017-08-07,1755.0
2017-08-08,1748.75
2017-08-09,1748.0
2017-08-10,1747.25
2017-08-11,1746.75
2017-08-14,1748.75
2017-08-15,1751.25
2017-08-16,1750.75
2017-08-17,1751.0
2017-08-18,1752.25
2017-08-21,1750.75
2017-08-22,1751.75
2017-08-23,1753.0
2017-08-24,1751.5
2017-08-25,1751.25
2017-08-28,1751.25
2017-08-29,1751.25
2017-08-30,1751.0
2017-08-31,1753.5
2017-09-01,1751.75
2017-09-04,1751.5
2017-09-05,1751.25
2017-09-06,1750.25
2017-09-07,1753.5
2017-09-08,1758.75
2017-09-11,1760.25
2017-09-12,1764.25
2017-09-13,1766.25
2017-09-14,1768.75
2017-09-15,1770.25
2017-09-18,1771.25
2017-09-19,1778.0
2017-09-20,1777.0
2017-09-21,1777.25
2017-09-22,1777.25
2017-09-25,1775.75
2017-09-26,1775.75
2017-09-27,1775.25
2017-09-28,1773.75
2017-09-29,1764.25
2017-09-30,1760.75
2017-10-09,1754.5
2017-10-10,1752.25
2017-10-11,1750.0
2017-10-12,1751.88
2017-10-13,1749.5
2017-10-16,1753.5
2017-10-17,1754.75
2017-10-18,1756.25
2017-10-19,1758.0
2017-10-20,1755.75
2017-10-23,1755.75
2017-10-24,1754.25
2017-10-25,1753.25
2017-10-26,1754.25
2017-10-27,1753.0
2017-10-30,1749.25
2017-10-31,1746.5
2017-11-01,1746.75
2017-11-02,1751.25
2017-11-03,1753.25
2017-11-06,1754.38
2017-11-07,1754.0
2017-11-08,1753.12
2017-11-09,1750.38
2017-11-10,1749.88
2017-11-13,1750.38
2017-11-14,1750.25
2017-11-15,1750.5
2017-11-16,1749.38
2017-11-17,1748.62
2017-11-20,1749.88
2017-11-21,1749.5
2017-11-22,1749.5
2017-11-23,1749.38
2017-11-24,1750.0
2017-11-27,1751.75
2017-11-28,1752.38
2017-11-29,1754.62
2017-11-30,1755.12
2017-12-01,1755.12
2017-12-04,1755.38
2017-12-05,1756.62
2017-12-06,1757.75
2017-12-07,1760.5
2017-12-08,1759.38
2017-12-11,1761.62
2017-12-12,1766.12
2017-12-13,1766.12
2017-12-14,1767.88
2017-12-15,1768.88
2017-12-18,1775.88
2017-12-19,1775.88
2017-12-20,1783.5
2017-12-21,1793.5
2017-12-22,1796.0
2017-12-25,1810.75
2017-12-26,1812.25
2017-12-27,1813.75
2017-12-28,1813.75
2017-12-29,1818.12
2018-01-02,1822.0
2018-01-03,1828.38
2018-01-04,1829.62
2018-01-05,1834.75
2018-01-08,1848.25
2018-01-09,1847.5
2018-01-10,1848.5
2018-01-11,1853.5
2018-01-12,1860.5
2018-01-15,1869.5
2018-01-16,1870.5
2018-01-17,1868.12
2018-01-18,1865.62
2018-01-19,1865.25
2018-01-22,1865.5
2018-01-23,1864.75
2018-01-24,1865.0
2018-01-25,1867.25
2018-01-26,1867.25
2018-01-29,1870.12
2018-01-30,1869.62
2018-01-31,1869.62
2018-02-01,1870.0
2018-02-02,1870.0
2018-02-05,1871.0
2018-02-06,1871.5
2018-02-07,1871.5
2018-02-08,1871.75
2018-02-09,1871.75
2018-02-11,1871.75
2018-02-12,1871.75
2018-02-13,1871.75
2018-02-14,1871.75
2018-02-22,1873.0
2018-02-23,1873.5
2018-02-24,1874.5
2018-02-26,1883.25
2018-02-27,1886.5
2018-02-28,1888.0
2018-03-01,1894.5
2018-03-02,1909.25
2018-03-05,1918.5
2018-03-06,1941.75
2018-03-07,1945.75
2018-03-08,1948.0
2018-03-09,1966.25
2018-03-12,1959.75
2018-03-13,1954.75
2018-03-14,1951.0
2018-03-15,1951.0
2018-03-16,1950.24
2018-03-19,1955.25
2018-03-20,1957.75
2018-03-21,1958.75
2018-03-22,1957.5
2018-03-23,1956.0
2018-03-26,1952.75
2018-03-27,1946.0
2018-03-28,1943.0
2018-03-29,1940.88
2018-03-30,1932.5
2018-04-02,1915.85
2018-04-03,1907.6
2018-04-04,1905.1
2018-04-08,1898.75
2018-04-09,1897.25
2018-04-10,1896.75
2018-04-11,1894.25
2018-04-12,1893.25
2018-04-13,1891.5
2018-04-16,1889.75
2018-04-17,1886.25
2018-04-18,1885.25
2018-04-19,1885.5
2018-04-20,1882.75
2018-04-23,1880.75
2018-04-24,1879.0
2018-04-25,1877.75
2018-04-26,1876.0
2018-04-27,1872.25
2018-04-28,1862.12
2018-05-02,1857.62
2018-05-03,1846.88
2018-05-04,1846.75
2018-05-07,1844.75
2018-05-08,1843.75
2018-05-09,1843.0
2018-05-10,1841.25
2018-05-11,1841.0
2018-05-14,1841.5
2018-05-15,1841.5
2018-05-16,1842.12
2018-05-17,1842.12
2018-05-18,1843.38
2018-05-21,1843.88
2018-05-22,1844.25
2018-05-23,1844.25
2018-05-24,1844.25
2018-05-25,1844.25
2018-05-28,1844.5
2018-05-29,1845.5
2018-05-30,1844.0
2018-05-31,1843.25
2018-06-01,1843.25
2018-06-04,1842.5
2018-06-05,1843.0
2018-06-06,1843.25
2018-06-07,1842.5
2018-06-08,1839.75
2018-06-11,1838.75
2018-06-12,1839.5
2018-06-13,1838.5
2018-06-14,1835.75
2018-06-15,1835.25
2018-06-19,1836.25
2018-06-20,1834.75
2018-06-21,1834.5
2018-06-22,1834.0
2018-06-25,1832.75
2018-06-26,1832.75
2018-06-27,1832.0
2018-06-28,1831.25
2018-06-29,1831.5
2018-07-02,1832.25
2018-07-03,1833.0
2018-07-04,1835.0
2018-07-05,1835.25
2018-07-06,1836.5
2018-07-09,1836.75
2018-07-10,1837.0
2018-07-11,1836.75
2018-07-12,1837.25
2018-07-13,1837.25
2018-07-16,1839.25
2018-07-17,1839.75
2018-07-18,1839.75
2018-07-19,1840.0
2018-07-20,1840.25
2018-07-23,1840.25
2018-07-24,1842.0
2018-07-25,1842.25
2018-07-26,1843.75
2018-07-27,1844.0
2018-07-30,1843.5
2018-07-31,1842.75
2018-08-01,1842.75
2018-08-02,1842.25
2018-08-03,1842.5
2018-08-06,1842.5
2018-08-07,1842.5
2018-08-08,1843.0
2018-08-09,1843.5
2018-08-10,1842.75
2018-08-13,1842.0
2018-08-14,1842.25
2018-08-15,1842.75
2018-08-16,1843.1
2018-08-17,1844.1
2018-08-20,1844.85
2018-08-21,1845.1
2018-08-22,1845.35
2018-08-23,1845.5
2018-08-24,1845.5
2018-08-27,1846.25
2018-08-28,1847.75
2018-08-29,1851.5
2018-08-30,1851.5
2018-08-31,1853.5
2018-09-03,1859.25
2018-09-04,1863.25
2018-09-05,1864.5
2018-09-06,1874.5
2018-09-07,1873.75
2018-09-10,1878.5
2018-09-11,1878.75
2018-09-12,1879.0
2018-09-13,1880.5
2018-09-14,1880.5
2018-09-17,1881.25
2018-09-18,1881.25
2018-09-19,1878.75
2018-09-20,1878.5
2018-09-21,1881.0
2018-09-25,1879.5
2018-09-26,1879.75
2018-09-27,1879.0
2018-09-28,1879.0
2018-09-29,1877.5
2018-09-30,1873.62
2018-10-08,1873.5
2018-10-09,1870.5
2018-10-10,1870.5
2018-10-11,1868.25
2018-10-12,1866.75
2018-10-15,1870.0
2018-10-16,1871.25
2018-10-17,1872.5
2018-10-18,1872.5
2018-10-19,1872.5
2018-10-22,1882.75
2018-10-23,1889.0
2018-10-24,1889.25
2018-10-25,1894.0
2018-10-26,1899.25
2018-10-29,1901.75
2018-10-30,1904.5
2018-10-31,1908.5
2018-11-01,1909.75
2018-11-02,1909.5
2018-11-05,1909.5
2018-11-06,1910.0
2018-11-07,1919.5
2018-11-08,1922.5
2018-11-09,1924.0
2018-11-12,1929.0
2018-11-13,1932.75
2018-11-14,1933.25
2018-11-15,1933.75
2018-11-16,1939.5
2018-11-19,1939.5
2018-11-20,1944.5
2018-11-21,1948.5
2018-11-22,1952.75
2018-11-23,1957.75
2018-11-26,1962.25
2018-11-27,1964.75
2018-11-28,1968.0
2018-11-29,1972.75
2018-11-30,1975.75
2018-12-03,1974.75
2018-12-04,1972.25
2018-12-05,1970.0
2018-12-06,1968.5
2018-12-07,1968.0
2018-12-10,1965.5
2018-12-11,1964.75
2018-12-12,1966.75
2018-12-13,1973.0
2018-12-14,1969.76
2018-12-17,1969.76
2018-12-18,1965.95
2018-12-19,1965.95
2018-12-20,1958.43
2018-12-21,1957.24
2018-12-24,1952.48
2018-12-25,1950.33
2018-12-26,1949.38
2018-12-27,1946.29
2018-12-28,1946.05
2018-12-29,1945.33
2019-01-02,1945.57
2019-01-03,1946.52
2019-01-04,1946.05
2019-01-07,1946.88
2019-01-08,1947.0
2019-01-09,1946.29
2019-01-10,1946.52
2019-01-11,1938.19
2019-01-14,1934.76
2019-01-15,1930.36
2019-01-16,1928.81
2019-01-17,1926.43
2019-01-18,1933.54
2019-01-21,1933.62
2019-01-22,1934.04
2019-01-23,1934.67
2019-01-24,1934.58
2019-01-25,1933.75
2019-01-28,1932.71
2019-01-29,1932.71
2019-01-30,1932.71
2019-01-31,1932.71
2019-02-01,1932.71
2019-02-02,1932.71
2019-02-03,1932.71
2019-02-11,1932.29
2019-02-12,1932.29
2019-02-13,1931.46
2019-02-14,1931.46
2019-02-15,1929.17
2019-02-18,1925.29
2019-02-19,1922.17
2019-02-20,1920.71
2019-02-21,1910.92
2019-02-22,1907.17
2019-02-25,1881.04
2019-02-26,1874.79
2019-02-27,1872.5
2019-02-28,1870.0
2019-03-01,1869.17
2019-03-04,1871.67
2019-03-05,1871.67
2019-03-06,1870.83
2019-03-07,1870.62
2019-03-08,1869.17
2019-03-11,1866.35
2019-03-12,1865.0
2019-03-13,1865.52
2019-03-14,1867.4
2019-03-15,1865.94
2019-03-18,1866.56
2019-03-19,1868.33
2019-03-20,1868.33
2019-03-21,1868.33
2019-03-22,1867.71
2019-03-25,1866.25
2019-03-26,1864.06
2019-03-27,1863.33
2019-03-28,1862.92
2019-03-29,1860.52
2019-04-01,1858.02
2019-04-02,1857.5
2019-04-03,1857.81
2019-04-04,1858.12
2019-04-08,1859.69
2019-04-09,1862.19
2019-04-10,1859.9
2019-04-11,1860.31
2019-04-12,1860.1
2019-04-15,1865.0
2019-04-16,1868.75
2019-04-17,1870.0
2019-04-18,1874.48
2019-04-19,1876.56
2019-04-22,1884.58
2019-04-23,1888.33
2019-04-24,1893.96
2019-04-25,1896.25
2019-04-26,1896.46
2019-04-28,1897.29
2019-04-29,1900.21
2019-04-30,1900.52
2019-05-05,1901.25
2019-05-06,1906.46
2019-05-07,1912.29
2019-05-08,1912.6
2019-05-09,1913.1
2019-05-10,1917.79
2019-05-13,1923.83
2019-05-14,1927.58
2019-05-15,1931.46
2019-05-16,1940.62
2019-05-17,1954.79
2019-05-20,1963.96
2019-05-21,1964.58
2019-05-22,1966.46
2019-05-23,1968.12
2019-05-24,1970.0
2019-05-27,1973.96
2019-05-28,1977.29
2019-05-29,1976.67
2019-05-30,1977.71
2019-05-31,1975.83
2019-06-03,1974.38
2019-06-04,1973.96
2019-06-05,1971.88
2019-06-06,1970.83
2019-06-10,1973.54
2019-06-11,1972.29
2019-06-12,1968.12
2019-06-13,1972.29
2019-06-14,1975.21
2019-06-17,1971.25
2019-06-18,1971.25
2019-06-19,1970.0
2019-06-20,1970.21
2019-06-21,1969.17
2019-06-24,1969.17
2019-06-25,1966.25
2019-06-26,1964.38
2019-06-27,1963.23
2019-06-28,1963.02
2019-07-01,1963.23
2019-07-02,1961.15
2019-07-03,1958.33
2019-07-04,1958.12
2019-07-05,1957.92
2019-07-08,1959.69
2019-07-09,1959.79
2019-07-10,1960.83
2019-07-11,1960.62
2019-07-12,1961.25
2019-07-15,1961.46
2019-07-16,1963.96
2019-07-17,1966.04
2019-07-18,1966.04
2019-07-19,1965.83
2019-07-22,1967.29
2019-07-23,1968.33
2019-07-24,1968.44
2019-07-25,1970.21
2019-07-26,1971.88
2019-07-29,1976.67
2019-07-30,1976.67
2019-07-31,1978.54
2019-08-01,1978.96
2019-08-02,1979.38
2019-08-05,1979.38
2019-08-06,1980.83
2019-08-07,1981.88
2019-08-08,1983.54
2019-08-09,1983.75
2019-08-12,1983.54
2019-08-13,1984.27
2019-08-14,1986.25
2019-08-15,1986.46
2019-08-16,1986.67
2019-08-19,1985.83
2019-08-20,1986.04
2019-08-21,1985.21
2019-08-22,1984.58
2019-08-23,1984.17
2019-08-26,1984.38
2019-08-27,1981.67
2019-08-28,1980.42
2019-08-29,1979.58
2019-08-30,1979.79
2019-09-02,1978.54
2019-09-03,1978.33
2019-09-04,1975.83
2019-09-05,1975.21
2019-09-06,1973.96
2019-09-09,1973.75
2019-09-10,1975.42
2019-09-11,1976.46
2019-09-12,1974.58
2019-09-16,1974.79
2019-09-17,1974.38
2019-09-18,1973.96
2019-09-19,1973.33
2019-09-20,1972.5
2019-09-23,1966.04
2019-09-24,1965.83
2019-09-25,1961.25
2019-09-26,1961.25
2019-09-27,1959.79
2019-09-29,1951.04
2019-09-30,1948.54
2019-10-08,1930.0
2019-10-09,1919.38
2019-10-10,1912.92
2019-10-11,1911.04
2019-10-12,1911.88
2019-10-14,1914.38
2019-10-15,1913.54
2019-10-16,1916.88
2019-10-17,1919.17
2019-10-18,1919.58
2019-10-21,1922.71
2019-10-22,1921.88
2019-10-23,1921.25
2019-10-24,1921.67
2019-10-25,1916.88
2019-10-28,1920.62
2019-10-29,1921.46
2019-10-30,1921.88
2019-10-31,1923.54
2019-11-01,1926.67
2019-11-04,1929.17
2019-11-05,1930.83
2019-11-06,1933.12
2019-11-07,1933.12
2019-11-08,1933.33
2019-11-11,1933.54
2019-11-12,1933.75
2019-11-13,1933.54
2019-11-14,1935.42
2019-11-15,1936.35
2019-11-18,1935.73
2019-11-19,1936.56
2019-11-20,1936.98
2019-11-21,1936.88
2019-11-22,1937.29
2019-11-25,1933.96
2019-11-26,1933.44
2019-11-27,1933.23
2019-11-28,1931.88
2019-11-29,1930.21
2019-12-02,1929.38
2019-12-03,1926.04
2019-12-04,1923.85
2019-12-05,1923.85
2019-12-06,1923.23
2019-12-09,1921.25
2019-12-10,1919.38
2019-12-11,1919.17
2019-12-12,1922.4
2019-12-13,1921.35
2019-12-16,1921.15
2019-12-17,1921.15
2019-12-18,1919.06
2019-12-19,1918.58
2019-12-20,1918.65
2019-12-23,1918.23
2019-12-24,1918.23
2019-12-25,1918.23
2019-12-26,1919.06
2019-12-27,1919.06
2019-12-30,1919.48
2019-12-31,1918.56
2020-01-02,1917.29
2020-01-03,1918.04
2020-01-06,1917.21
2020-01-07,1916.79
2020-01-08,1916.79
2020-01-09,1916.67
2020-01-10,1916.88
2020-01-13,1916.25
2020-01-14,1916.25
2020-01-15,1916.92
2020-01-16,1917.02
2020-01-17,1916.98
2020-01-19,1917.19
2020-01-20,1917.42
2020-01-21,1917.4
2020-01-22,1917.19
2020-01-23,1917.21
2020-02-03,1941.46
2020-02-04,1943.96
2020-02-05,1949.5
2020-02-06,1951.58
2020-02-07,1954.92
2020-02-10,1957.75
2020-02-11,1959.79
2020-02-12,1960.0
2020-02-13,1959.79
2020-02-14,1959.38
2020-02-17,1958.12
2020-02-18,1960.83
2020-02-19,1958.75
2020-02-20,1955.62
2020-02-21,1951.25
2020-02-24,1946.67
2020-02-25,1944.38
2020-02-26,1945.0
2020-02-27,1945.85
2020-02-28,1943.75
2020-03-02,1944.79
2020-03-03,1947.49
2020-03-04,1947.6
2020-03-05,1948.23
2020-03-06,1948.12
2020-03-09,1943.54
2020-03-10,1943.85
2020-03-11,1947.4
2020-03-12,1944.9
2020-03-13,1944.48
2020-03-16,1944.35
2020-03-17,1947.27
2020-03-18,1947.27
2020-03-19,1946.33
2020-03-20,1946.44
2020-03-23,1946.79
2020-03-24,1947.08
2020-03-25,1950.25
2020-03-26,1952.44
2020-03-27,1955.9
2020-03-30,1962.92
2020-03-31,1966.35
2020-04-01,1967.19
2020-04-02,1974.48
2020-04-03,1985.52
2020-04-07,1986.88
2020-04-08,1993.54
2020-04-09,1997.71
2020-04-10,1998.54
2020-04-13,1998.96
2020-04-14,1999.17
2020-04-15,2005.65
2020-04-16,2014.08
2020-04-17,2018.02
2020-04-20,2021.15
2020-04-21,2025.52
2020-04-22,2037.81
2020-04-23,2045.94
2020-04-24,2053.02
2020-04-26,2058.88
2020-04-27,2069.9
2020-04-28,2076.46
2020-04-29,2087.4
2020-04-30,2092.21
2020-05-06,2100.52
2020-05-07,2113.44
2020-05-08,2116.4
2020-05-09,2117.4
2020-05-11,2117.85
2020-05-12,2118.35
2020-05-13,2118.23
2020-05-14,2117.23
2020-05-15,2114.71
2020-05-18,2114.06
2020-05-19,2113.12
2020-05-20,2114.81
2020-05-21,2113.12
2020-05-22,2113.96
2020-05-25,2109.79
2020-05-26,2109.38
2020-05-27,2107.08
2020-05-28,2103.77
2020-05-29,2109.44
2020-06-01,2112.19
2020-06-02,2112.6
2020-06-03,2113.85
2020-06-04,2112.92
2020-06-05,2114.19
2020-06-08,2115.17
2020-06-09,2118.65
2020-06-10,2121.77
2020-06-11,2123.02
2020-06-12,2125.1
2020-06-15,2128.44
2020-06-16,2145.1
2020-06-17,2148.23
2020-06-18,2149.48
2020-06-19,2161.15
2020-06-22,2174.69
2020-06-23,2183.65
2020-06-24,2188.65
2020-06-28,2202.4
2020-06-29,2204.48
2020-06-30,2202.6
2020-07-01,2203.65
2020-07-02,2199.69
2020-07-03,2198.67
2020-07-06,2199.94
2020-07-07,2206.77
2020-07-08,2206.0
2020-07-09,2209.0
2020-07-10,2210.0
2020-07-13,2216.15
2020-07-14,2221.15
2020-07-15,2221.98
2020-07-16,2228.65
2020-07-17,2237.6
2020-07-20,2252.6
2020-07-21,2269.69
2020-07-22,2279.69
2020-07-23,2281.56
2020-07-24,2317.6
2020-07-27,2322.19
2020-07-28,2333.65
2020-07-29,2341.77
2020-07-30,2349.9
2020-07-31,2354.9
2020-08-03,2382.4
2020-08-04,2382.81
2020-08-05,2388.96
2020-08-06,2390.0
2020-08-07,2384.69
2020-08-10,2370.52
2020-08-11,2366.77
2020-08-12,2369.69
2020-08-13,2359.69
2020-08-14,2354.48
2020-08-17,2357.19
2020-08-18,2365.94
2020-08-19,2363.02
2020-08-20,2359.27
2020-08-21,2354.06
2020-08-24,2352.6
2020-08-25,2344.69
2020-08-26,2342.81
2020-08-27,2340.73
2020-08-28,2334.06
2020-08-31,2323.65
2020-09-01,2324.69
2020-09-02,2312.81
2020-09-03,2308.56
2020-09-04,2308.23
2020-09-07,2307.19
2020-09-08,2308.44
2020-09-09,2308.85
2020-09-10,2309.06
2020-09-11,2315.52
2020-09-14,2323.96
2020-09-15,2344.27
2020-09-16,2346.56
2020-09-17,2347.92
2020-09-18,2348.23
2020-09-21,2352.81
2020-09-22,2349.9
2020-09-23,2345.1
2020-09-24,2344.29
2020-09-25,2343.96
2020-09-27,2343.23
2020-09-28,2344.5
2020-09-29,2345.1
2020-09-30,2368.23
2020-10-09,2382.81
2020-10-10,2396.98
2020-10-12,2401.98
2020-10-13,2437.81
2020-10-14,2450.1
2020-10-15,2471.98
2020-10-16,2474.27
2020-10-19,2491.77
2020-10-20,2524.27
2020-10-21,2532.19
2020-10-22,2527.6
2020-10-23,2523.23
2020-10-26,2529.48
2020-10-27,2531.35
2020-10-28,2534.9
2020-10-29,2537.81
2020-10-30,2535.52
2020-11-02,2534.27
2020-11-03,2531.15
2020-11-04,2529.06
2020-11-05,2529.06
2020-11-06,2527.81
2020-11-09,2523.75
2020-11-10,2523.44
2020-11-11,2520.1
2020-11-12,2520.31
2020-11-13,2523.23
2020-11-16,2525.83
2020-11-17,2531.98
2020-11-18,2532.71
2020-11-19,2538.85
2020-11-20,2539.48
2020-11-23,2545.94
2020-11-24,2547.81
2020-11-25,2549.48
2020-11-26,2551.04
2020-11-27,2555.94
2020-11-30,2558.85
2020-12-01,2565.1
2020-12-02,2575.52
2020-12-03,2576.56
2020-12-04,2590.1
2020-12-07,2596.15
2020-12-08,2598.85
2020-12-09,2602.4
2020-12-10,2601.98
2020-12-11,2603.85
2020-12-14,2602.4
2020-12-15,2602.06
2020-12-16,2602.06
2020-12-17,2601.65
2020-12-18,2601.94
2020-12-21,2602.15
2020-12-22,2608.19
2020-12-23,2608.4
2020-12-24,2617.35
2020-12-25,2619.85
2020-12-28,2625.31
2020-12-29,2635.73
2020-12-30,2665.52
2020-12-31,2665.1
2021-01-04,2675.31
2021-01-05,2714.48
2021-01-06,2728.44
2021-01-07,2748.85
2021-01-08,2774.06
2021-01-11,2882.19
2021-01-12,2901.56
2021-01-13,2908.85
2021-01-14,2908.02
2021-01-15,2916.15
2021-01-18,2927.19
2021-01-19,2935.31
2021-01-20,2957.19
2021-01-21,2966.56
2021-01-22,2973.23
2021-01-25,2986.35
2021-01-26,2988.02
2021-01-27,2985.31
2021-01-28,2982.4
2021-01-29,2979.27
2021-02-01,2991.56
2021-02-02,2986.56
2021-02-03,2986.15
2021-02-04,2993.02
2021-02-05,2990.1
2021-02-07,2990.1
2021-02-08,2990.1
2021-02-09,2985.52
2021-02-10,2985.52
2021-02-18,2985.96
2021-02-19,2986.56
2021-02-20,2985.1
2021-02-22,2991.15
2021-02-23,2991.65
2021-02-24,2995.73
2021-02-25,2994.27
2021-02-26,2994.69
2021-03-01,2998.12
2021-03-02,2998.75
2021-03-03,2998.33
2021-03-04,3003.96
2021-03-05,3000.83
2021-03-08,2991.25
2021-03-09,2992.29
2021-03-10,2984.29
2021-03-11,2974.29
2021-03-12,2974.5
2021-03-15,2962.08
2021-03-16,2956.25
2021-03-17,2953.12
2021-03-18,2941.04
2021-03-19,2932.29
2021-03-22,2930.42
2021-03-23,2924.79
2021-03-24,2919.79
2021-03-25,2915.62
2021-03-26,2912.71
2021-03-29,2907.5
2021-03-30,2904.79
2021-03-31,2888.33
2021-04-01,2884.17
2021-04-02,2873.54
2021-04-06,2853.75
2021-04-07,2851.88
2021-04-08,2854.79
2021-04-09,2855.0
2021-04-12,2857.5
2021-04-13,2858.96
2021-04-14,2860.0
2021-04-15,2861.67
2021-04-16,2877.71
2021-04-19,2879.17
2021-04-20,2886.46
2021-04-21,2891.04
2021-04-22,2893.75
2021-04-23,2896.04
2021-04-25,2900.21
2021-04-26,2909.38
2021-04-27,2906.88
2021-04-28,2910.21
2021-04-29,2910.62
2021-04-30,2910.83
2021-05-06,2912.29
2021-05-07,2910.21
2021-05-08,2910.62
2021-05-10,2912.92
2021-05-11,2916.46
2021-05-12,2916.88
2021-05-13,2922.92
2021-05-14,2923.33
2021-05-17,2920.21
2021-05-18,2919.58
2021-05-19,2919.58
2021-05-20,2919.79
2021-05-21,2920.42
2021-05-24,2922.08
2021-05-25,2920.62
2021-05-26,2920.0
2021-05-27,2919.0
2021-05-28,2918.63
2021-05-31,2917.71
2021-06-01,2914.79
2021-06-02,2915.21
2021-06-03,2912.92
2021-06-04,2912.5
2021-06-07,2913.33
2021-06-08,2911.67
2021-06-09,2910.62
2021-06-10,2910.0
2021-06-11,2909.58
2021-06-15,2906.46
2021-06-16,2905.21
2021-06-17,2903.12
2021-06-18,2895.0
2021-06-21,2886.88
2021-06-22,2873.54
2021-06-23,2871.67
2021-06-24,2852.08
2021-06-25,2845.62
2021-06-28,2843.23
2021-06-29,2840.94
2021-06-30,2840.42
2021-07-01,2841.67
2021-07-02,2841.69
2021-07-05,2840.0
2021-07-06,2838.96
2021-07-07,2837.5
2021-07-08,2836.04
2021-07-09,2838.04
2021-07-12,2834.51
2021-07-13,2831.37
2021-07-14,2831.96
2021-07-15,2830.98
2021-07-16,2830.2
2021-07-19,2828.53
2021-07-20,2796.18
2021-07-21,2793.04
2021-07-22,2782.45
2021-07-23,2779.9
2021-07-26,2778.24
2021-07-27,2780.39
2021-07-28,2781.18
2021-07-29,2779.41
2021-07-30,2780.98
2021-08-02,2785.06
2021-08-03,2784.27
2021-08-04,2783.39
2021-08-05,2785.55
2021-08-06,2785.94
2021-08-09,2785.98
2021-08-10,2794.71
2021-08-11,2795.29
2021-08-12,2795.1
2021-08-13,2795.2
2021-08-16,2797.35
2021-08-17,2801.86
2021-08-18,2800.1
2021-08-19,2800.31
2021-08-20,2798.35
2021-08-23,2797.63
2021-08-24,2798.78
2021-08-25,2798.59
2021-08-26,2797.63
2021-08-27,2797.63
2021-08-30,2796.37
2021-08-31,2794.41
2021-09-01,2794.41
2021-09-02,2787.02
2021-09-03,2782.31
2021-09-06,2778.53
2021-09-07,2770.98
2021-09-08,2771.18
2021-09-09,2762.16
2021-09-10,2762.75
2021-09-13,2759.55
2021-09-14,2757.71
2021-09-15,2754.47
2021-09-16,2746.67
2021-09-17,2744.08
2021-09-18,2741.18
2021-09-22,2739.02
2021-09-23,2733.53
2021-09-24,2713.82
2021-09-27,2702.31
2021-09-28,2686.9
2021-09-29,2688.14
2021-09-30,2686.96
2021-10-08,2670.24
2021-10-09,2661.41
2021-10-11,2661.57
2021-10-12,2651.18
2021-10-13,2651.76
2021-10-14,2652.25
2021-10-15,2652.35
2021-10-18,2652.16
2021-10-19,2652.94
2021-10-20,2645.78
2021-10-21,2647.16
2021-10-22,2648.04
2021-10-25,2655.78
2021-10-26,2660.69
2021-10-27,2663.33
2021-10-28,2666.47
2021-10-29,2672.2
2021-11-01,2668.86
2021-11-02,2674.61
2021-11-03,2676.76
2021-11-04,2678.24
2021-11-05,2680.59
2021-11-08,2690.98
2021-11-09,2732.55
2021-11-10,2744.9
2021-11-11,2751.76
2021-11-12,2758.43
2021-11-15,2753.33
2021-11-16,2748.63
2021-11-17,2746.08
2021-11-18,2744.9
2021-11-19,2748.24
2021-11-22,2753.14
2021-11-23,2758.63
2021-11-24,2756.27
2021-11-25,2755.88
2021-11-26,2761.45
2021-11-29,2761.06
2021-11-30,2757.53
2021-12-01,2756.94
2021-12-02,2757.33
2021-12-03,2755.76
2021-12-06,2753.53
2021-12-07,2752.43
2021-12-08,2751.57
2021-12-09,2750.51
2021-12-10,2750.12
2021-12-13,2747.37
2021-12-14,2755.22
2021-12-15,2756.67
2021-12-16,2756.47
2021-12-17,2757.06
2021-12-20,2751.18
2021-12-21,2750.39
2021-12-22,2744.86
2021-12-23,2743.1
2021-12-24,2741.8
2021-12-27,2741.02
2021-12-28,2736.12
2021-12-29,2737.18
2021-12-30,2735.06
2021-12-31,2734.71
2022-01-04,2736.47
2022-01-05,2736.08
2022-01-06,2733.73
2022-01-07,2734.51
2022-01-10,2734.12
2022-01-11,2733.84
2022-01-12,2731.18
2022-01-13,2730.98
2022-01-14,2730.59
2022-01-17,2730.2
2022-01-18,2728.43
2022-01-19,2728.43
2022-01-20,2721.76
2022-01-21,2723.14
2022-01-24,2727.06
2022-01-25,2727.06
2022-01-26,2725.49
2022-01-27,2725.1
2022-01-28,2724.9
2022-01-29,2724.9
2022-01-30,2724.9
2022-02-07,2722.94
2022-02-08,2724.12
2022-02-09,2724.12
2022-02-10,2724.12
2022-02-11,2724.51
2022-02-14,2723.92
2022-02-15,2724.51
2022-02-16,2726.86
2022-02-17,2725.69
2022-02-18,2728.43
2022-02-21,2728.08
2022-02-22,2728.47
2022-02-23,2731.37
2022-02-24,2732.35
2022-02-25,2742.16
2022-02-28,2754.31
2022-03-01,2758.24
2022-03-02,2761.57
2022-03-03,2777.06
2022-03-04,2779.61
2022-03-07,2788.25
2022-03-08,2794.43
2022-03-09,2804.31
2022-03-10,2807.25
2022-03-11,2806.47
2022-03-14,2811.37
2022-03-15,2817.45
2022-03-16,2817.45
2022-03-17,2817.45
2022-03-18,2828.83
2022-03-21,2830.98
2022-03-22,2830.98
2022-03-23,2832.16
2022-03-24,2831.37
2022-03-25,2832.55
2022-03-28,2836.47
2022-03-29,2838.63
2022-03-30,2837.84
2022-03-31,2836.67
2022-04-01,2837.06
2022-04-02,2837.45
2022-04-06,2838.43
2022-04-07,2840.39
2022-04-08,2840.59
2022-04-11,2839.33
2022-04-12,2836.98
2022-04-13,2836.39
2022-04-14,2838.35
2022-04-15,2838.75
2022-04-18,2839.73
2022-04-19,2840.31
2022-04-20,2842.47
2022-04-21,2841.84
2022-04-22,2843.22
2022-04-24,2848.12
2022-04-25,2852.24
2022-04-26,2854.78
2022-04-27,2859.29
2022-04-28,2859.88
2022-04-29,2862.04
2022-05-05,2871.86
2022-05-06,2878.43
2022-05-07,2894.71
2022-05-09,2895.1
2022-05-10,2898.04
2022-05-11,2902.75
2022-05-12,2901.76
2022-05-13,2901.57
2022-05-16,2904.47
2022-05-17,2904.86
2022-05-18,2906.82
2022-05-19,2906.47
2022-05-20,2908.24
2022-05-23,2907.65
2022-05-24,2907.31
2022-05-25,2904.96
2022-05-26,2905.06
2022-05-27,2901.33
2022-05-30,2902.12
2022-05-31,2902.51
2022-06-01,2903.69
2022-06-02,2897.8
2022-06-06,2896.82
2022-06-07,2895.69
2022-06-08,2894.71
2022-06-09,2891.76
2022-06-10,2891.18
2022-06-13,2890.0
2022-06-14,2886.0
2022-06-15,2885.22
2022-06-16,2886.78
2022-06-17,2886.98
2022-06-20,2886.78
2022-06-21,2886.39
2022-06-22,2887.76
2022-06-23,2885.41
2022-06-24,2883.45
2022-06-27,2878.16
2022-06-28,2876.78
2022-06-29,2876.78
2022-06-30,2875.61
2022-07-01,2874.04
2022-07-04,2868.63
2022-07-05,2872.16
2022-07-06,2861.37
2022-07-07,2858.82
2022-07-08,2858.63
2022-07-11,2858.63
2022-07-12,2858.63
2022-07-13,2859.02
2022-07-14,2857.45
2022-07-15,2856.47
2022-07-18,2855.88
2022-07-19,2850.78
2022-07-20,2845.28
2022-07-21,2836.27
2022-07-22,2828.24
2022-07-25,2815.88
2022-07-26,2808.63
2022-07-27,2810.2
2022-07-28,2811.96
2022-07-29,2812.94
2022-08-01,2812.94
2022-08-02,2813.33
2022-08-03,2816.08
2022-08-04,2816.67
2022-08-05,2816.08
2022-08-08,2813.49
2022-08-09,2813.49
2022-08-10,2811.53
2022-08-11,2812.71
2022-08-12,2809.8
2022-08-15,2807.41
2022-08-16,2803.29
2022-08-17,2798.98
2022-08-18,2797.8
2022-08-19,2795.84
2022-08-22,2793.49
2022-08-23,2792.9
2022-08-24,2793.41
2022-08-25,2789.49
2022-08-26,2790.27
2022-08-29,2792.43
2022-08-30,2796.16
2022-08-31,2796.62
2022-09-01,2798.71
2022-09-02,2799.88
2022-09-05,2801.25
2022-09-06,2803.02
2022-09-07,2805.37
2022-09-08,2806.47
2022-09-09,2805.69
2022-09-13,2825.18
2022-09-14,2830.39
2022-09-15,2832.16
2022-09-16,2830.98
2022-09-19,2830.78
2022-09-20,2830.78
2022-09-21,2831.96
2022-09-22,2833.92
2022-09-23,2839.02
2022-09-26,2840.39
2022-09-27,2838.82
2022-09-28,2840.59
2022-09-29,2839.8
2022-09-30,2840.0
2022-10-08,2837.25
2022-10-09,2835.88
2022-10-10,2840.59
2022-10-11,2840.39
2022-10-12,2843.73
2022-10-13,2845.88
2022-10-14,2847.45
2022-10-17,2847.57
2022-10-18,2845.61
2022-10-19,2847.76
2022-10-20,2847.37
2022-10-21,2852.94
2022-10-24,2860.49
2022-10-25,2864.41
2022-10-26,2871.96
2022-10-27,2871.18
2022-10-28,2871.18
2022-10-31,2872.43
2022-11-01,2876.43
2022-11-02,2876.08
2022-11-03,2878.63
2022-11-04,2880.59
2022-11-07,2882.16
2022-11-08,2890.0
2022-11-09,2893.14
2022-11-10,2897.45
2022-11-11,2910.78
2022-11-14,2918.24
2022-11-15,2917.84
2022-11-16,2920.2
2022-11-17,2919.41
2022-11-18,2921.76
2022-11-21,2929.61
2022-11-22,2938.82
2022-11-23,2957.65
2022-11-24,2962.75
2022-11-25,2985.1
2022-11-28,3003.73
2022-11-29,3008.24
2022-11-30,3008.24
2022-12-01,3004.9
2022-12-02,3003.92
2022-12-05,3000.2
2022-12-06,2994.51
2022-12-07,2988.43
2022-12-08,2985.88
2022-12-09,2981.18
2022-12-12,2974.9
2022-12-13,2974.31
2022-12-14,2974.22
2022-12-15,2970.78
2022-12-16,2969.71
2022-12-19,2969.9
2022-12-20,2969.51
2022-12-21,2961.57
2022-12-22,2959.02
2022-12-23,2953.33
2022-12-26,2946.67
2022-12-27,2944.71
2022-12-28,2943.53
2022-12-29,2943.73
2022-12-30,2936.86
2023-01-03,2938.82
2023-01-04,2938.24
2023-01-05,2938.63
2023-01-06,2937.45
2023-01-09,2941.18
2023-01-10,2936.67
2023-01-11,2935.88
2023-01-12,2931.57
2023-01-13,2931.76
2023-01-16,2931.96
2023-01-17,2931.96
2023-01-18,2929.22
2023-01-19,2929.22
2023-01-20,2929.22
2023-01-28,2930.59
2023-01-29,2931.57
2023-01-30,2932.75
2023-01-31,2931.96
2023-02-01,2930.35
2023-02-02,2928.2
2023-02-03,2924.27
2023-02-06,2920.71
2023-02-07,2918.94
2023-02-08,2916.86
2023-02-09,2914.53
2023-02-10,2912.14
2023-02-13,2913.12
2023-02-14,2911.65
2023-02-15,2913.88
2023-02-16,2908.2
2023-02-17,2909.18
2023-02-20,2909.18
2023-02-21,2909.69
2023-02-22,2909.88
2023-02-23,2909.57
2023-02-24,2906.0
2023-02-27,2905.06
2023-02-28,2903.96
2023-03-01,2903.57
2023-03-02,2902.59
2023-03-03,2902.67
2023-03-06,2901.02
2023-03-07,2895.22
2023-03-08,2895.1
2023-03-09,2893.92
2023-03-10,2893.92
2023-03-13,2893.37
2023-03-14,2893.14
2023-03-15,2886.24
2023-03-16,2885.61
2023-03-17,2886.59
2023-03-20,2884.94
2023-03-21,2883.45
2023-03-22,2874.67
2023-03-23,2870.67
2023-03-24,2861.65
2023-03-27,2857.18
2023-03-28,2851.88
2023-03-29,2850.0
2023-03-30,2847.92
2023-03-31,2841.41
2023-04-03,2835.06
2023-04-04,2831.53
2023-04-05,2831.53
2023-04-06,2828.35
2023-04-07,2828.94
2023-04-10,2831.22
2023-04-11,2825.63
2023-04-12,2825.14
2023-04-13,2825.53
2023-04-14,2826.12
2023-04-17,2825.53
2023-04-18,2824.16
2023-04-19,2824.94
2023-04-20,2824.55
2023-04-21,2819.65
2023-04-23,2818.47
2023-04-24,2814.75
2023-04-25,2815.45
2023-04-26,2811.88
2023-04-27,2811.88
2023-04-28,2801.76
2023-05-04,2817.68
2023-05-05,2795.65
2023-05-06,2786.59
2023-05-08,2783.76
2023-05-09,2781.02
2023-05-10,2768.16
2023-05-11,2766.2
2023-05-12,2762.08
2023-05-15,2752.75
2023-05-16,2746.47
2023-05-17,2746.86
2023-05-18,2744.9
2023-05-19,2743.92
2023-05-22,2745.69
2023-05-23,2749.61
2023-05-24,2751.37
2023-05-25,2751.57
2023-05-26,2748.51
2023-05-29,2752.16
2023-05-30,2755.29
2023-05-31,2755.57
2023-06-01,2755.57
2023-06-02,2756.04
2023-06-05,2770.2
2023-06-06,2772.16
2023-06-07,2771.96
2023-06-08,2770.39
2023-06-09,2768.12
2023-06-12,2770.75
2023-06-13,2770.16
2023-06-14,2775.06
2023-06-15,2775.37
2023-06-16,2775.29
2023-06-19,2788.43
2023-06-20,2796.08
2023-06-21,2796.67
2023-06-25,2802.35
2023-06-26,2803.14
2023-06-27,2814.12
2023-06-28,2820.59
2023-06-29,2828.82
2023-06-30,2838.63
2023-07-03,2842.04
2023-07-04,2845.18
2023-07-05,2855.41
2023-07-06,2856.98
2023-07-07,2859.8
2023-07-10,2859.69
2023-07-11,2867.29
2023-07-12,2871.96
2023-07-13,2873.06
2023-07-14,2868.9
2023-07-17,2866.16
2023-07-18,2864.16
2023-07-19,2866.39
2023-07-20,2868.78
2023-07-21,2867.8
2023-07-24,2878.17
2023-07-25,2865.57
2023-07-26,2865.76
2023-07-27,2866.04
2023-07-28,2866.24
2023-07-31,2866.55
2023-08-01,2864.39
2023-08-02,2865.25
2023-08-03,2867.02
2023-08-04,2871.53
2023-08-07,2874.86
2023-08-08,2885.25
2023-08-09,2889.76
2023-08-10,2891.92
2023-08-11,2898.98
2023-08-14,2904.98
2023-08-15,2906.0
2023-08-16,2904.04
2023-08-17,2907.45
2023-08-18,2907.14
2023-08-21,2908.51
2023-08-22,2908.71
2023-08-23,2909.88
2023-08-24,2910.47
2023-08-25,2917.92
2023-08-28,2919.88
2023-08-29,2922.04
2023-08-30,2924.98
2023-08-31,2926.84
2023-09-01,2928.51
2023-09-04,2928.51
2023-09-05,2928.71
2023-09-06,2931.45
2023-09-07,2931.29
2023-09-08,2934.98
2023-09-11,2930.9
2023-09-12,2925.37
2023-09-13,2925.25
2023-09-14,2922.9
2023-09-15,2920.75
2023-09-18,2915.45
2023-09-19,2903.29
2023-09-20,2902.12
2023-09-21,2897.61
2023-09-22,2893.1
2023-09-25,2893.1
2023-09-26,2887.61
2023-09-27,2879.14
2023-09-28,2871.1
2023-10-07,2831.69
2023-10-08,2822.08
2023-10-09,2805.41
2023-10-10,2800.51
2023-10-11,2797.57
2023-10-12,2791.29
2023-10-13,2785.61
2023-10-16,2772.27
2023-10-17,2767.57
2023-10-18,2756.78
2023-10-19,2738.35
2023-10-20,2732.86
2023-10-23,2729.14
2023-10-24,2716.71
2023-10-25,2710.27
2023-10-26,2706.35
2023-10-27,2699.33
2023-10-30,2692.47
2023-10-31,2689.53
2023-11-01,2685.41
2023-11-02,2684.43
2023-11-03,2684.63
2023-11-06,2690.12
2023-11-07,2691.69
2023-11-08,2692.67
2023-11-09,2692.27
2023-11-10,2693.25
2023-11-13,2692.47
2023-11-14,2694.82
2023-11-15,2697.18
2023-11-16,2696.98
2023-11-17,2696.98
2023-11-20,2699.82
2023-11-21,2701.2
2023-11-22,2701.49
2023-11-23,2699.06
2023-11-24,2699.84
2023-11-27,2697.49
2023-11-28,2692.78
2023-11-29,2688.27
2023-11-30,2682.67
2023-12-01,2680.71
2023-12-04,2668.98
2023-12-05,2654.47
2023-12-06,2643.29
2023-12-07,2638.59
2023-12-08,2637.06
2023-12-11,2638.02
2023-12-12,2634.2
2023-12-13,2628.12
2023-12-14,2626.16
2023-12-15,2623.41
2023-12-18,2593.8
2023-12-19,2580.47
2023-12-20,2573.61
2023-12-21,2567.53
2023-12-22,2565.27
2023-12-25,2574.78
2023-12-26,2574.2
2023-12-27,2569.22
2023-12-28,2566.86
2023-12-29,2566.86
2024-01-02,2564.71
2024-01-03,2557.65
2024-01-04,2553.14
2024-01-05,2545.49
2024-01-08,2536.47
2024-01-09,2529.41
2024-01-10,2521.57
2024-01-11,2508.43
2024-01-12,2510.59
2024-01-15,2505.0
2024-01-16,2498.82
2024-01-17,2492.94
2024-01-18,2472.35
2024-01-19,2460.98
2024-01-22,2446.67
2024-01-23,2439.41
2024-01-24,2415.1
2024-01-25,2407.45
2024-01-26,2403.73
2024-01-29,2405.88
2024-01-30,2405.88
2024-01-31,2409.8
2024-02-01,2409.41
2024-02-02,2417.84
2024-02-04,2418.43
2024-02-05,2419.02
2024-02-06,2419.02
2024-02-07,2419.41
2024-02-08,2419.02
2024-02-18,2415.88
2024-02-19,2408.43
2024-02-20,2407.45
2024-02-21,2409.61
2024-02-22,2414.51
2024-02-23,2435.1
2024-02-26,2459.41
2024-02-27,2459.61
2024-02-28,2462.94
2024-02-29,2465.49
2024-03-01,2465.29
2024-03-04,2458.82
2024-03-05,2457.25
2024-03-06,2457.65
2024-03-07,2465.69
2024-03-08,2467.65
2024-03-11,2465.69
2024-03-12,2468.63
2024-03-13,2468.63
2024-03-14,2468.63
2024-03-15,2468.43
2024-03-18,2473.33
2024-03-19,2467.45
2024-03-20,2468.04
2024-03-21,2467.65
2024-03-22,2462.55
2024-03-25,2458.43
2024-03-26,2454.71
2024-03-27,2452.94
2024-03-28,2451.57
2024-03-29,2452.25
2024-04-01,2452.25
2024-04-02,2450.0
2024-04-03,2450.39
2024-04-07,2450.98
2024-04-08,2444.51
2024-04-09,2440.78
2024-04-10,2438.24
2024-04-11,2437.65
2024-04-12,2428.63
2024-04-15,2425.49

数据来源：Wind































































































































































































































































































































































































































































































































































































































































































































































































































































































































































































































































































































































































































































































































































































































































































































































































































































































































































































































































































































































































































































































































































































































































































































































































































































































































































































































































































































































































































































































































































































































































































































































































































































































































































































































































































































































































































































































































































































































































































































































